datetime,total_kw
2024-08-01 00:15:00,7.800000000000001
2024-08-01 00:30:00,7.896
2024-08-01 00:45:00,8.208
2024-08-01 01:00:00,5.588
2024-08-01 01:15:00,6.176
2024-08-01 01:30:00,6.5040000000000004
2024-08-01 01:45:00,6.1
2024-08-01 02:00:00,8.748
2024-08-01 02:15:00,3.8320000000000003
2024-08-01 02:30:00,7.4719999999999995
2024-08-01 02:45:00,3.768
2024-08-01 03:00:00,4.432
2024-08-01 03:15:00,3.872
2024-08-01 03:30:00,4.12
2024-08-01 03:45:00,5.464
2024-08-01 04:00:00,3.676
2024-08-01 04:15:00,4.664
2024-08-01 04:30:00,3.944
2024-08-01 04:45:00,3.468
2024-08-01 05:00:00,5.736000000000001
2024-08-01 05:15:00,4.268
2024-08-01 05:30:00,3.716
2024-08-01 05:45:00,3.008
2024-08-01 06:00:00,3.076
2024-08-01 06:15:00,4.867999999999999
2024-08-01 06:30:00,4.868
2024-08-01 06:45:00,3.752
2024-08-01 07:00:00,3.168
2024-08-01 07:15:00,3.2880000000000003
2024-08-01 07:30:00,5.172
2024-08-01 07:45:00,4.816
2024-08-01 08:00:00,6.196000000000001
2024-08-01 08:15:00,6.068
2024-08-01 08:30:00,4.552
2024-08-01 08:45:00,4.92
2024-08-01 09:00:00,3.528
2024-08-01 09:15:00,4.712
2024-08-01 09:30:00,5.7
2024-08-01 09:45:00,7.3919999999999995
2024-08-01 10:00:00,6.612
2024-08-01 10:15:00,7.436
2024-08-01 10:30:00,3.572
2024-08-01 10:45:00,6.712
2024-08-01 11:00:00,5.644
2024-08-01 11:15:00,6.936
2024-08-01 11:30:00,8.732
2024-08-01 11:45:00,9.2
2024-08-01 12:00:00,11.772
2024-08-01 12:15:00,8.564
2024-08-01 12:30:00,8.876
2024-08-01 12:45:00,10.708
2024-08-01 13:00:00,13.552
2024-08-01 13:15:00,13.256
2024-08-01 13:30:00,12.652000000000001
2024-08-01 13:45:00,12.712
2024-08-01 14:00:00,17.144
2024-08-01 14:15:00,19.131999999999998
2024-08-01 14:30:00,19.924
2024-08-01 14:45:00,20.652
2024-08-01 15:00:00,15.86
2024-08-01 15:15:00,16.972
2024-08-01 15:30:00,16.328
2024-08-01 15:45:00,17.828
2024-08-01 16:00:00,15.459999999999999
2024-08-01 16:15:00,16.044
2024-08-01 16:30:00,16.072
2024-08-01 16:45:00,16.14
2024-08-01 17:00:00,18.708
2024-08-01 17:15:00,17.452
2024-08-01 17:30:00,19.195999999999998
2024-08-01 17:45:00,16.036
2024-08-01 18:00:00,17.524
2024-08-01 18:15:00,14.46
2024-08-01 18:30:00,15.656
2024-08-01 18:45:00,11.932
2024-08-01 19:00:00,18.556
2024-08-01 19:15:00,15.44
2024-08-01 19:30:00,15.612
2024-08-01 19:45:00,16.408
2024-08-01 20:00:00,14.452
2024-08-01 20:15:00,16.064
2024-08-01 20:30:00,13.436
2024-08-01 20:45:00,14.32
2024-08-01 21:00:00,14.564
2024-08-01 21:15:00,15.968
2024-08-01 21:30:00,12.776
2024-08-01 21:45:00,12.74
2024-08-01 22:00:00,14.724
2024-08-01 22:15:00,20.508
2024-08-01 22:30:00,19.452
2024-08-01 22:45:00,15.739999999999998
2024-08-01 23:00:00,12.484
2024-08-01 23:15:00,11.16
2024-08-01 23:30:00,9.212000000000002
2024-08-01 23:45:00,8.872
2024-08-02 00:00:00,11.968
2024-08-02 00:15:00,8.048
2024-08-02 00:30:00,9.056
2024-08-02 00:45:00,5.176
2024-08-02 01:00:00,7.316000000000001
2024-08-02 01:15:00,5.12
2024-08-02 01:30:00,6.92
2024-08-02 01:45:00,6.6
2024-08-02 02:00:00,4.584
2024-08-02 02:15:00,5.736000000000001
2024-08-02 02:30:00,3.684
2024-08-02 02:45:00,6.508
2024-08-02 03:00:00,3.992
2024-08-02 03:15:00,5.096
2024-08-02 03:30:00,6.132
2024-08-02 03:45:00,3.2560000000000002
2024-08-02 04:00:00,2.86
2024-08-02 04:15:00,5.5680000000000005
2024-08-02 04:30:00,4.26
2024-08-02 04:45:00,2.8840000000000003
2024-08-02 05:00:00,2.992
2024-08-02 05:15:00,4.28
2024-08-02 05:30:00,2.308
2024-08-02 05:45:00,3.092
2024-08-02 06:00:00,3.8160000000000003
2024-08-02 06:15:00,3.444
2024-08-02 06:30:00,2.184
2024-08-02 06:45:00,2.72
2024-08-02 07:00:00,4.16
2024-08-02 07:15:00,3.7640000000000002
2024-08-02 07:30:00,3.96
2024-08-02 07:45:00,3.48
2024-08-02 08:00:00,3.056
2024-08-02 08:15:00,3.964
2024-08-02 08:30:00,6.852
2024-08-02 08:45:00,4.532
2024-08-02 09:00:00,6.024
2024-08-02 09:15:00,7.9399999999999995
2024-08-02 09:30:00,9.348
2024-08-02 09:45:00,8.976
2024-08-02 10:00:00,7.496
2024-08-02 10:15:00,10.564
2024-08-02 10:30:00,10.884
2024-08-02 10:45:00,8.768
2024-08-02 11:00:00,12.687999999999999
2024-08-02 11:15:00,12.932
2024-08-02 11:30:00,9.700000000000001
2024-08-02 11:45:00,8.948
2024-08-02 12:00:00,9.512
2024-08-02 12:15:00,12.46
2024-08-02 12:30:00,11.748000000000001
2024-08-02 12:45:00,11.556
2024-08-02 13:00:00,13.664
2024-08-02 13:15:00,12.86
2024-08-02 13:30:00,14.456
2024-08-02 13:45:00,9.808
2024-08-02 14:00:00,12.32
2024-08-02 14:15:00,12.92
2024-08-02 14:30:00,15.052
2024-08-02 14:45:00,15.656
2024-08-02 15:00:00,15.42
2024-08-02 15:15:00,17.94
2024-08-02 15:30:00,19.616
2024-08-02 15:45:00,18.208
2024-08-02 16:00:00,16.692
2024-08-02 16:15:00,18.972
2024-08-02 16:30:00,17.067999999999998
2024-08-02 16:45:00,18.128
2024-08-02 17:00:00,16.6
2024-08-02 17:15:00,17.56
2024-08-02 17:30:00,15.516
2024-08-02 17:45:00,18.48
2024-08-02 18:00:00,15.828
2024-08-02 18:15:00,16.752
2024-08-02 18:30:00,14.48
2024-08-02 18:45:00,14.788
2024-08-02 19:00:00,12.856
2024-08-02 19:15:00,13.592
2024-08-02 19:30:00,12.024000000000001
2024-08-02 19:45:00,15.012
2024-08-02 20:00:00,12.084
2024-08-02 20:15:00,13.624
2024-08-02 20:30:00,11.868
2024-08-02 20:45:00,11.52
2024-08-02 21:00:00,12.136
2024-08-02 21:15:00,13.315999999999999
2024-08-02 21:30:00,10.064
2024-08-02 21:45:00,8.808
2024-08-02 22:00:00,8.016
2024-08-02 22:15:00,8.212
2024-08-02 22:30:00,10.676
2024-08-02 22:45:00,9.703999999999999
2024-08-02 23:00:00,4.868
2024-08-02 23:15:00,7.420000000000001
2024-08-02 23:30:00,6.5360000000000005
2024-08-02 23:45:00,4.868
2024-08-03 00:00:00,8.864
2024-08-03 00:15:00,8.244
2024-08-03 00:30:00,8.488
2024-08-03 00:45:00,6.2
2024-08-03 01:00:00,4.776
2024-08-03 01:15:00,5.9959999999999996
2024-08-03 01:30:00,4.104
2024-08-03 01:45:00,4.436
2024-08-03 02:00:00,5.224
2024-08-03 02:15:00,4.756
2024-08-03 02:30:00,5.792
2024-08-03 02:45:00,5.008
2024-08-03 03:00:00,7.9079999999999995
2024-08-03 03:15:00,6.192
2024-08-03 03:30:00,5.06
2024-08-03 03:45:00,4.048
2024-08-03 04:00:00,5.4879999999999995
2024-08-03 04:15:00,3.7039999999999997
2024-08-03 04:30:00,4.18
2024-08-03 04:45:00,4.584
2024-08-03 05:00:00,3.544
2024-08-03 05:15:00,3.744
2024-08-03 05:30:00,4.5280000000000005
2024-08-03 05:45:00,4.336
2024-08-03 06:00:00,4.248
2024-08-03 06:15:00,4.564
2024-08-03 06:30:00,4.116
2024-08-03 06:45:00,4.016
2024-08-03 07:00:00,2.916
2024-08-03 07:15:00,4.508
2024-08-03 07:30:00,5.356
2024-08-03 07:45:00,7.348000000000001
2024-08-03 08:00:00,6.056
2024-08-03 08:15:00,4.752000000000001
2024-08-03 08:30:00,4.1240000000000006
2024-08-03 08:45:00,4.464
2024-08-03 09:00:00,5.916
2024-08-03 09:15:00,4.788
2024-08-03 09:30:00,7.152
2024-08-03 09:45:00,8.188
2024-08-03 10:00:00,9.564
2024-08-03 10:15:00,12.304
2024-08-03 10:30:00,11.892
2024-08-03 10:45:00,11.543999999999999
2024-08-03 11:00:00,14.02
2024-08-03 11:15:00,13.379999999999999
2024-08-03 11:30:00,16.424
2024-08-03 11:45:00,10.84
2024-08-03 12:00:00,12.728
2024-08-03 12:15:00,13.06
2024-08-03 12:30:00,9.192
2024-08-03 12:45:00,11.784
2024-08-03 13:00:00,7.052
2024-08-03 13:15:00,8.408000000000001
2024-08-03 13:30:00,12.056000000000001
2024-08-03 13:45:00,11.072
2024-08-03 14:00:00,12.331999999999999
2024-08-03 14:15:00,13.244
2024-08-03 14:30:00,12.46
2024-08-03 14:45:00,11.984
2024-08-03 15:00:00,12.904
2024-08-03 15:15:00,16.668
2024-08-03 15:30:00,13.816
2024-08-03 15:45:00,16.496
2024-08-03 16:00:00,14.22
2024-08-03 16:15:00,16.812
2024-08-03 16:30:00,15.08
2024-08-03 16:45:00,18.988
2024-08-03 17:00:00,13.744
2024-08-03 17:15:00,18.66
2024-08-03 17:30:00,17.46
2024-08-03 17:45:00,16.268
2024-08-03 18:00:00,16.956
2024-08-03 18:15:00,14.652000000000001
2024-08-03 18:30:00,10.688
2024-08-03 18:45:00,9.232
2024-08-03 19:00:00,8.844
2024-08-03 19:15:00,9.528
2024-08-03 19:30:00,11.628
2024-08-03 19:45:00,10.24
2024-08-03 20:00:00,8.42
2024-08-03 20:15:00,6.856
2024-08-03 20:30:00,9.436
2024-08-03 20:45:00,9.304
2024-08-03 21:00:00,8.324
2024-08-03 21:15:00,9.62
2024-08-03 21:30:00,10.532
2024-08-03 21:45:00,8.668
2024-08-03 22:00:00,8.892
2024-08-03 22:15:00,8.056000000000001
2024-08-03 22:30:00,6.528
2024-08-03 22:45:00,7.08
2024-08-03 23:00:00,5.908
2024-08-03 23:15:00,8.948
2024-08-03 23:30:00,6.916
2024-08-03 23:45:00,7.996
2024-08-04 00:00:00,9.472000000000001
2024-08-04 00:15:00,7.584
2024-08-04 00:30:00,8.832
2024-08-04 00:45:00,6.96
2024-08-04 01:00:00,6.824
2024-08-04 01:15:00,6.308
2024-08-04 01:30:00,7.268
2024-08-04 01:45:00,6.18
2024-08-04 02:00:00,6.472
2024-08-04 02:15:00,5.4959999999999996
2024-08-04 02:30:00,3.948
2024-08-04 02:45:00,4.904
2024-08-04 03:00:00,5.76
2024-08-04 03:15:00,6.5840000000000005
2024-08-04 03:30:00,5.608
2024-08-04 03:45:00,4.004
2024-08-04 04:00:00,5.608
2024-08-04 04:15:00,3.312
2024-08-04 04:30:00,4.66
2024-08-04 04:45:00,5.148
2024-08-04 05:00:00,4.9959999999999996
2024-08-04 05:15:00,6.116
2024-08-04 05:30:00,3.736
2024-08-04 05:45:00,3.808
2024-08-04 06:00:00,5.5760000000000005
2024-08-04 06:15:00,2.952
2024-08-04 06:30:00,3.564
2024-08-04 06:45:00,4.268
2024-08-04 07:00:00,4.284
2024-08-04 07:15:00,3.344
2024-08-04 07:30:00,5.404
2024-08-04 07:45:00,5.828
2024-08-04 08:00:00,4.784
2024-08-04 08:15:00,3.7439999999999998
2024-08-04 08:30:00,5.62
2024-08-04 08:45:00,4.4
2024-08-04 09:00:00,5.12
2024-08-04 09:15:00,7.168
2024-08-04 09:30:00,5.48
2024-08-04 09:45:00,6.204000000000001
2024-08-04 10:00:00,5.46
2024-08-04 10:15:00,5.296
2024-08-04 10:30:00,8.176
2024-08-04 10:45:00,8.392
2024-08-04 11:00:00,10.612
2024-08-04 11:15:00,6.908
2024-08-04 11:30:00,14.116
2024-08-04 11:45:00,14.728
2024-08-04 12:00:00,12.868
2024-08-04 12:15:00,12.068
2024-08-04 12:30:00,11.096
2024-08-04 12:45:00,13.0
2024-08-04 13:00:00,12.6
2024-08-04 13:15:00,13.815999999999999
2024-08-04 13:30:00,15.96
2024-08-04 13:45:00,14.04
2024-08-04 14:00:00,18.596
2024-08-04 14:15:00,12.292
2024-08-04 14:30:00,14.416
2024-08-04 14:45:00,15.2
2024-08-04 15:00:00,17.12
2024-08-04 15:15:00,16.28
2024-08-04 15:30:00,14.66
2024-08-04 15:45:00,14.604
2024-08-04 16:00:00,16.471999999999998
2024-08-04 16:15:00,11.899999999999999
2024-08-04 16:30:00,15.44
2024-08-04 16:45:00,10.904
2024-08-04 17:00:00,13.271999999999998
2024-08-04 17:15:00,11.02
2024-08-04 17:30:00,12.888
2024-08-04 17:45:00,14.596
2024-08-04 18:00:00,14.188
2024-08-04 18:15:00,14.336
2024-08-04 18:30:00,15.548
2024-08-04 18:45:00,12.432
2024-08-04 19:00:00,12.324
2024-08-04 19:15:00,13.08
2024-08-04 19:30:00,12.812
2024-08-04 19:45:00,16.216
2024-08-04 20:00:00,16.828
2024-08-04 20:15:00,14.276
2024-08-04 20:30:00,14.600000000000001
2024-08-04 20:45:00,12.448
2024-08-04 21:00:00,14.728
2024-08-04 21:15:00,13.692
2024-08-04 21:30:00,14.364
2024-08-04 21:45:00,16.104
2024-08-04 22:00:00,13.664
2024-08-04 22:15:00,12.604
2024-08-04 22:30:00,15.148
2024-08-04 22:45:00,14.796
2024-08-04 23:00:00,13.436
2024-08-04 23:15:00,13.064
2024-08-04 23:30:00,10.788
2024-08-04 23:45:00,11.216
2024-08-05 00:00:00,9.26
2024-08-05 00:15:00,8.488
2024-08-05 00:30:00,8.212
2024-08-05 00:45:00,7.584
2024-08-05 01:00:00,7.644
2024-08-05 01:15:00,7.676
2024-08-05 01:30:00,6.16
2024-08-05 01:45:00,7.836
2024-08-05 02:00:00,6.508
2024-08-05 02:15:00,6.76
2024-08-05 02:30:00,6.244
2024-08-05 02:45:00,5.288
2024-08-05 03:00:00,4.32
2024-08-05 03:15:00,4.976
2024-08-05 03:30:00,4.464
2024-08-05 03:45:00,4.508
2024-08-05 04:00:00,4.068
2024-08-05 04:15:00,6.224
2024-08-05 04:30:00,5.952
2024-08-05 04:45:00,7.0440000000000005
2024-08-05 05:00:00,3.028
2024-08-05 05:15:00,4.124
2024-08-05 05:30:00,4.336
2024-08-05 05:45:00,3.7079999999999997
2024-08-05 06:00:00,3.972
2024-08-05 06:15:00,3.8440000000000003
2024-08-05 06:30:00,4.172000000000001
2024-08-05 06:45:00,5.016
2024-08-05 07:00:00,5.116
2024-08-05 07:15:00,5.92
2024-08-05 07:30:00,4.532
2024-08-05 07:45:00,4.928
2024-08-05 08:00:00,4.452
2024-08-05 08:15:00,4.304
2024-08-05 08:30:00,6.624
2024-08-05 08:45:00,7.22
2024-08-05 09:00:00,6.6
2024-08-05 09:15:00,6.984
2024-08-05 09:30:00,4.556
2024-08-05 09:45:00,5.356
2024-08-05 10:00:00,4.632000000000001
2024-08-05 10:15:00,7.168
2024-08-05 10:30:00,8.783999999999999
2024-08-05 10:45:00,7.5280000000000005
2024-08-05 11:00:00,6.28
2024-08-05 11:15:00,5.868
2024-08-05 11:30:00,10.783999999999999
2024-08-05 11:45:00,8.696
2024-08-05 12:00:00,11.976
2024-08-05 12:15:00,9.443999999999999
2024-08-05 12:30:00,9.996
2024-08-05 12:45:00,8.996
2024-08-05 13:00:00,12.975999999999999
2024-08-05 13:15:00,12.719999999999999
2024-08-05 13:30:00,15.576
2024-08-05 13:45:00,15.988
2024-08-05 14:00:00,13.884
2024-08-05 14:15:00,16.532
2024-08-05 14:30:00,15.516
2024-08-05 14:45:00,19.256
2024-08-05 15:00:00,16.552
2024-08-05 15:15:00,18.84
2024-08-05 15:30:00,19.196
2024-08-05 15:45:00,17.072
2024-08-05 16:00:00,20.716
2024-08-05 16:15:00,18.8
2024-08-05 16:30:00,18.44
2024-08-05 16:45:00,18.080000000000002
2024-08-05 17:00:00,16.971999999999998
2024-08-05 17:15:00,15.628
2024-08-05 17:30:00,18.076
2024-08-05 17:45:00,13.508
2024-08-05 18:00:00,11.56
2024-08-05 18:15:00,10.9
2024-08-05 18:30:00,9.82
2024-08-05 18:45:00,13.224
2024-08-05 19:00:00,12.132
2024-08-05 19:15:00,11.052
2024-08-05 19:30:00,10.187999999999999
2024-08-05 19:45:00,8.824
2024-08-05 20:00:00,9.004
2024-08-05 20:15:00,11.32
2024-08-05 20:30:00,10.512
2024-08-05 20:45:00,11.62
2024-08-05 21:00:00,9.591999999999999
2024-08-05 21:15:00,9.447999999999999
2024-08-05 21:30:00,9.036
2024-08-05 21:45:00,10.86
2024-08-05 22:00:00,8.944
2024-08-05 22:15:00,11.0
2024-08-05 22:30:00,9.936
2024-08-05 22:45:00,11.636
2024-08-05 23:00:00,11.096
2024-08-05 23:15:00,13.847999999999999
2024-08-05 23:30:00,9.884
2024-08-05 23:45:00,10.112
2024-08-06 00:00:00,11.376
2024-08-06 00:15:00,8.728
2024-08-06 00:30:00,7.356
2024-08-06 00:45:00,7.136
2024-08-06 01:00:00,6.392
2024-08-06 01:15:00,5.708
2024-08-06 01:30:00,4.672
2024-08-06 01:45:00,5.784000000000001
2024-08-06 02:00:00,6.844
2024-08-06 02:15:00,6.752000000000001
2024-08-06 02:30:00,7.180000000000001
2024-08-06 02:45:00,8.104
2024-08-06 03:00:00,5.708
2024-08-06 03:15:00,4.5120000000000005
2024-08-06 03:30:00,5.876
2024-08-06 03:45:00,5.636
2024-08-06 04:00:00,6.272
2024-08-06 04:15:00,5.748
2024-08-06 04:30:00,3.752
2024-08-06 04:45:00,3.98
2024-08-06 05:00:00,4.86
2024-08-06 05:15:00,3.656
2024-08-06 05:30:00,4.36
2024-08-06 05:45:00,5.132
2024-08-06 06:00:00,3.66
2024-08-06 06:15:00,3.416
2024-08-06 06:30:00,4.9879999999999995
2024-08-06 06:45:00,3.1
2024-08-06 07:00:00,3.468
2024-08-06 07:15:00,3.828
2024-08-06 07:30:00,6.172000000000001
2024-08-06 07:45:00,7.116
2024-08-06 08:00:00,7.848
2024-08-06 08:15:00,7.4399999999999995
2024-08-06 08:30:00,6.172
2024-08-06 08:45:00,6.9799999999999995
2024-08-06 09:00:00,5.707999999999999
2024-08-06 09:15:00,6.852
2024-08-06 09:30:00,4.263999999999999
2024-08-06 09:45:00,6.5
2024-08-06 10:00:00,4.868
2024-08-06 10:15:00,6.26
2024-08-06 10:30:00,8.244
2024-08-06 10:45:00,5.5
2024-08-06 11:00:00,6.872
2024-08-06 11:15:00,9.04
2024-08-06 11:30:00,10.06
2024-08-06 11:45:00,12.324
2024-08-06 12:00:00,9.544
2024-08-06 12:15:00,9.972000000000001
2024-08-06 12:30:00,8.475999999999999
2024-08-06 12:45:00,10.736
2024-08-06 13:00:00,14.14
2024-08-06 13:15:00,12.744
2024-08-06 13:30:00,14.251999999999999
2024-08-06 13:45:00,12.368
2024-08-06 14:00:00,16.228
2024-08-06 14:15:00,16.387999999999998
2024-08-06 14:30:00,16.212
2024-08-06 14:45:00,16.124
2024-08-06 15:00:00,13.92
2024-08-06 15:15:00,16.588
2024-08-06 15:30:00,15.42
2024-08-06 15:45:00,20.096
2024-08-06 16:00:00,17.036
2024-08-06 16:15:00,17.844
2024-08-06 16:30:00,18.852
2024-08-06 16:45:00,17.292
2024-08-06 17:00:00,18.22
2024-08-06 17:15:00,21.332
2024-08-06 17:30:00,17.58
2024-08-06 17:45:00,21.088
2024-08-06 18:00:00,21.136
2024-08-06 18:15:00,20.808
2024-08-06 18:30:00,20.416
2024-08-06 18:45:00,18.696
2024-08-06 19:00:00,17.488
2024-08-06 19:15:00,19.636
2024-08-06 19:30:00,17.512
2024-08-06 19:45:00,19.416
2024-08-06 20:00:00,18.092
2024-08-06 20:15:00,19.676
2024-08-06 20:30:00,18.616
2024-08-06 20:45:00,18.555999999999997
2024-08-06 21:00:00,17.836
2024-08-06 21:15:00,21.808
2024-08-06 21:30:00,21.067999999999998
2024-08-06 21:45:00,15.976
2024-08-06 22:00:00,13.424
2024-08-06 22:15:00,12.788
2024-08-06 22:30:00,15.451999999999998
2024-08-06 22:45:00,14.748000000000001
2024-08-06 23:00:00,14.004
2024-08-06 23:15:00,9.347999999999999
2024-08-06 23:30:00,7.84
2024-08-06 23:45:00,8.464
2024-08-07 00:00:00,8.491999999999999
2024-08-07 00:15:00,8.812
2024-08-07 00:30:00,8.296
2024-08-07 00:45:00,8.392
2024-08-07 01:00:00,7.128
2024-08-07 01:15:00,7.676
2024-08-07 01:30:00,6.808
2024-08-07 01:45:00,6.984
2024-08-07 02:00:00,6.5600000000000005
2024-08-07 02:15:00,8.316
2024-08-07 02:30:00,7.5
2024-08-07 02:45:00,6.688
2024-08-07 03:00:00,7.0
2024-08-07 03:15:00,5.728
2024-08-07 03:30:00,7.32
2024-08-07 03:45:00,5.252000000000001
2024-08-07 04:00:00,8.016
2024-08-07 04:15:00,6.292
2024-08-07 04:30:00,4.9879999999999995
2024-08-07 04:45:00,6.248
2024-08-07 05:00:00,4.18
2024-08-07 05:15:00,5.332000000000001
2024-08-07 05:30:00,4.576
2024-08-07 05:45:00,4.916
2024-08-07 06:00:00,5.904
2024-08-07 06:15:00,4.0
2024-08-07 06:30:00,6.256
2024-08-07 06:45:00,4.14
2024-08-07 07:00:00,6.04
2024-08-07 07:15:00,4.076
2024-08-07 07:30:00,5.784
2024-08-07 07:45:00,5.0920000000000005
2024-08-07 08:00:00,4.776
2024-08-07 08:15:00,6.272
2024-08-07 08:30:00,8.452
2024-08-07 08:45:00,7.376
2024-08-07 09:00:00,7.8999999999999995
2024-08-07 09:15:00,7.0520000000000005
2024-08-07 09:30:00,8.772
2024-08-07 09:45:00,12.868
2024-08-07 10:00:00,6.696
2024-08-07 10:15:00,9.995999999999999
2024-08-07 10:30:00,7.944
2024-08-07 10:45:00,10.847999999999999
2024-08-07 11:00:00,9.056000000000001
2024-08-07 11:15:00,8.608
2024-08-07 11:30:00,15.5
2024-08-07 11:45:00,10.972
2024-08-07 12:00:00,12.876000000000001
2024-08-07 12:15:00,15.132
2024-08-07 12:30:00,10.836
2024-08-07 12:45:00,16.632
2024-08-07 13:00:00,11.752
2024-08-07 13:15:00,17.012
2024-08-07 13:30:00,15.808
2024-08-07 13:45:00,13.46
2024-08-07 14:00:00,17.908
2024-08-07 14:15:00,15.316
2024-08-07 14:30:00,16.728
2024-08-07 14:45:00,16.588
2024-08-07 15:00:00,13.996
2024-08-07 15:15:00,20.544
2024-08-07 15:30:00,21.592
2024-08-07 15:45:00,22.556
2024-08-07 16:00:00,22.016
2024-08-07 16:15:00,19.1
2024-08-07 16:30:00,18.724
2024-08-07 16:45:00,19.156
2024-08-07 17:00:00,18.875999999999998
2024-08-07 17:15:00,20.644
2024-08-07 17:30:00,19.14
2024-08-07 17:45:00,21.76
2024-08-07 18:00:00,19.56
2024-08-07 18:15:00,18.472
2024-08-07 18:30:00,18.592
2024-08-07 18:45:00,14.452
2024-08-07 19:00:00,15.620000000000001
2024-08-07 19:15:00,11.768
2024-08-07 19:30:00,14.24
2024-08-07 19:45:00,13.76
2024-08-07 20:00:00,18.252
2024-08-07 20:15:00,15.52
2024-08-07 20:30:00,13.428
2024-08-07 20:45:00,14.347999999999999
2024-08-07 21:00:00,13.164
2024-08-07 21:15:00,14.736
2024-08-07 21:30:00,15.996
2024-08-07 21:45:00,14.52
2024-08-07 22:00:00,12.208
2024-08-07 22:15:00,12.128
2024-08-07 22:30:00,11.192
2024-08-07 22:45:00,11.544
2024-08-07 23:00:00,13.928
2024-08-07 23:15:00,14.148
2024-08-07 23:30:00,13.120000000000001
2024-08-07 23:45:00,9.324
2024-08-08 00:00:00,7.532
2024-08-08 00:15:00,7.388
2024-08-08 00:30:00,7.8
2024-08-08 00:45:00,5.764
2024-08-08 01:00:00,7.232
2024-08-08 01:15:00,6.788
2024-08-08 01:30:00,6.716
2024-08-08 01:45:00,4.796
2024-08-08 02:00:00,6.0840000000000005
2024-08-08 02:15:00,5.0440000000000005
2024-08-08 02:30:00,5.368
2024-08-08 02:45:00,3.668
2024-08-08 03:00:00,6.192
2024-08-08 03:15:00,3.888
2024-08-08 03:30:00,6.496
2024-08-08 03:45:00,6.036
2024-08-08 04:00:00,6.704
2024-08-08 04:15:00,3.7479999999999998
2024-08-08 04:30:00,3.824
2024-08-08 04:45:00,5.796
2024-08-08 05:00:00,3.556
2024-08-08 05:15:00,3.412
2024-08-08 05:30:00,4.4319999999999995
2024-08-08 05:45:00,4.0360000000000005
2024-08-08 06:00:00,3.888
2024-08-08 06:15:00,5.1
2024-08-08 06:30:00,3.608
2024-08-08 06:45:00,5.5040000000000004
2024-08-08 07:00:00,6.728
2024-08-08 07:15:00,5.188000000000001
2024-08-08 07:30:00,4.016
2024-08-08 07:45:00,6.428
2024-08-08 08:00:00,10.168
2024-08-08 08:15:00,5.984
2024-08-08 08:30:00,6.4319999999999995
2024-08-08 08:45:00,3.3120000000000003
2024-08-08 09:00:00,3.216
2024-08-08 09:15:00,8.1
2024-08-08 09:30:00,6.784
2024-08-08 09:45:00,5.4079999999999995
2024-08-08 10:00:00,6.972
2024-08-08 10:15:00,6.367999999999999
2024-08-08 10:30:00,6.208
2024-08-08 10:45:00,9.076
2024-08-08 11:00:00,9.924
2024-08-08 11:15:00,8.02
2024-08-08 11:30:00,9.512
2024-08-08 11:45:00,6.276
2024-08-08 12:00:00,9.84
2024-08-08 12:15:00,11.176
2024-08-08 12:30:00,9.272
2024-08-08 12:45:00,14.332
2024-08-08 13:00:00,10.424
2024-08-08 13:15:00,13.136
2024-08-08 13:30:00,11.4
2024-08-08 13:45:00,11.748000000000001
2024-08-08 14:00:00,11.02
2024-08-08 14:15:00,11.08
2024-08-08 14:30:00,11.476
2024-08-08 14:45:00,14.26
2024-08-08 15:00:00,11.671999999999999
2024-08-08 15:15:00,15.544
2024-08-08 15:30:00,14.892
2024-08-08 15:45:00,14.248
2024-08-08 16:00:00,15.604
2024-08-08 16:15:00,13.776
2024-08-08 16:30:00,16.032
2024-08-08 16:45:00,17.352
2024-08-08 17:00:00,14.272
2024-08-08 17:15:00,16.66
2024-08-08 17:30:00,13.696
2024-08-08 17:45:00,16.456
2024-08-08 18:00:00,15.268
2024-08-08 18:15:00,14.136
2024-08-08 18:30:00,16.416
2024-08-08 18:45:00,9.948
2024-08-08 19:00:00,11.56
2024-08-08 19:15:00,17.732
2024-08-08 19:30:00,16.064
2024-08-08 19:45:00,18.692
2024-08-08 20:00:00,14.18
2024-08-08 20:15:00,14.319999999999999
2024-08-08 20:30:00,11.452
2024-08-08 20:45:00,10.408
2024-08-08 21:00:00,10.856
2024-08-08 21:15:00,13.512
2024-08-08 21:30:00,14.879999999999999
2024-08-08 21:45:00,11.216
2024-08-08 22:00:00,11.736
2024-08-08 22:15:00,9.292
2024-08-08 22:30:00,10.528
2024-08-08 22:45:00,8.184
2024-08-08 23:00:00,7.048
2024-08-08 23:15:00,12.256
2024-08-08 23:30:00,10.975999999999999
2024-08-08 23:45:00,11.315999999999999
2024-08-09 00:00:00,10.312000000000001
2024-08-09 00:15:00,9.868
2024-08-09 00:30:00,7.976
2024-08-09 00:45:00,6.392
2024-08-09 01:00:00,6.384
2024-08-09 01:15:00,5.532
2024-08-09 01:30:00,5.732
2024-08-09 01:45:00,7.252
2024-08-09 02:00:00,3.688
2024-08-09 02:15:00,4.688
2024-08-09 02:30:00,5.276
2024-08-09 02:45:00,7.640000000000001
2024-08-09 03:00:00,5.348
2024-08-09 03:15:00,6.367999999999999
2024-08-09 03:30:00,4.244
2024-08-09 03:45:00,5.232
2024-08-09 04:00:00,3.972
2024-08-09 04:15:00,3.9
2024-08-09 04:30:00,3.268
2024-08-09 04:45:00,4.468
2024-08-09 05:00:00,4.604
2024-08-09 05:15:00,3.468
2024-08-09 05:30:00,4.392
2024-08-09 05:45:00,4.156
2024-08-09 06:00:00,6.716
2024-08-09 06:15:00,5.332
2024-08-09 06:30:00,4.760000000000001
2024-08-09 06:45:00,2.716
2024-08-09 07:00:00,3.12
2024-08-09 07:15:00,5.344
2024-08-09 07:30:00,2.82
2024-08-09 07:45:00,5.292
2024-08-09 08:00:00,4.5200000000000005
2024-08-09 08:15:00,6.008
2024-08-09 08:30:00,5.544
2024-08-09 08:45:00,5.316000000000001
2024-08-09 09:00:00,4.768
2024-08-09 09:15:00,3.7800000000000002
2024-08-09 09:30:00,8.592
2024-08-09 09:45:00,7.552
2024-08-09 10:00:00,9.076
2024-08-09 10:15:00,6.76
2024-08-09 10:30:00,8.036
2024-08-09 10:45:00,6.224
2024-08-09 11:00:00,5.444
2024-08-09 11:15:00,4.032
2024-08-09 11:30:00,9.404
2024-08-09 11:45:00,9.876
2024-08-09 12:00:00,8.536
2024-08-09 12:15:00,5.188
2024-08-09 12:30:00,9.392
2024-08-09 12:45:00,8.588000000000001
2024-08-09 13:00:00,10.132
2024-08-09 13:15:00,11.251999999999999
2024-08-09 13:30:00,9.5
2024-08-09 13:45:00,14.272
2024-08-09 14:00:00,9.112
2024-08-09 14:15:00,13.26
2024-08-09 14:30:00,15.108
2024-08-09 14:45:00,14.26
2024-08-09 15:00:00,14.756
2024-08-09 15:15:00,16.944
2024-08-09 15:30:00,16.412
2024-08-09 15:45:00,19.972
2024-08-09 16:00:00,15.268
2024-08-09 16:15:00,12.508
2024-08-09 16:30:00,15.068
2024-08-09 16:45:00,12.292
2024-08-09 17:00:00,11.032
2024-08-09 17:15:00,13.348
2024-08-09 17:30:00,14.484
2024-08-09 17:45:00,14.584
2024-08-09 18:00:00,10.644
2024-08-09 18:15:00,7.584
2024-08-09 18:30:00,6.5200000000000005
2024-08-09 18:45:00,7.26
2024-08-09 19:00:00,8.916
2024-08-09 19:15:00,7.279999999999999
2024-08-09 19:30:00,8.744
2024-08-09 19:45:00,10.56
2024-08-09 20:00:00,7.444
2024-08-09 20:15:00,8.692
2024-08-09 20:30:00,6.68
2024-08-09 20:45:00,7.42
2024-08-09 21:00:00,7.944
2024-08-09 21:15:00,6.904
2024-08-09 21:30:00,11.036
2024-08-09 21:45:00,8.56
2024-08-09 22:00:00,10.991999999999999
2024-08-09 22:15:00,7.36
2024-08-09 22:30:00,9.608
2024-08-09 22:45:00,6.492
2024-08-09 23:00:00,8.96
2024-08-09 23:15:00,7.056
2024-08-09 23:30:00,7.312
2024-08-09 23:45:00,5.796
2024-08-10 00:00:00,7.944
2024-08-10 00:15:00,7.92
2024-08-10 00:30:00,7.4879999999999995
2024-08-10 00:45:00,7.872
2024-08-10 01:00:00,6.728
2024-08-10 01:15:00,5.9719999999999995
2024-08-10 01:30:00,6.804
2024-08-10 01:45:00,6.436
2024-08-10 02:00:00,6.608
2024-08-10 02:15:00,5.756
2024-08-10 02:30:00,6.948
2024-08-10 02:45:00,7.704
2024-08-10 03:00:00,7.96
2024-08-10 03:15:00,6.256
2024-08-10 03:30:00,5.748
2024-08-10 03:45:00,6.444
2024-08-10 04:00:00,5.776
2024-08-10 04:15:00,6.176
2024-08-10 04:30:00,5.356
2024-08-10 04:45:00,5.348
2024-08-10 05:00:00,5.824
2024-08-10 05:15:00,5.916
2024-08-10 05:30:00,5.192
2024-08-10 05:45:00,5.1
2024-08-10 06:00:00,5.688
2024-08-10 06:15:00,7.352
2024-08-10 06:30:00,4.72
2024-08-10 06:45:00,4.548
2024-08-10 07:00:00,5.144
2024-08-10 07:15:00,4.252000000000001
2024-08-10 07:30:00,4.056
2024-08-10 07:45:00,3.32
2024-08-10 08:00:00,4.068
2024-08-10 08:15:00,4.316
2024-08-10 08:30:00,4.092
2024-08-10 08:45:00,4.1080000000000005
2024-08-10 09:00:00,4.804
2024-08-10 09:15:00,6.312
2024-08-10 09:30:00,6.880000000000001
2024-08-10 09:45:00,10.156
2024-08-10 10:00:00,5.524
2024-08-10 10:15:00,7.764
2024-08-10 10:30:00,4.716
2024-08-10 10:45:00,10.244
2024-08-10 11:00:00,9.164
2024-08-10 11:15:00,9.22
2024-08-10 11:30:00,9.924
2024-08-10 11:45:00,8.388
2024-08-10 12:00:00,8.780000000000001
2024-08-10 12:15:00,9.676
2024-08-10 12:30:00,15.696
2024-08-10 12:45:00,12.448
2024-08-10 13:00:00,12.815999999999999
2024-08-10 13:15:00,16.1
2024-08-10 13:30:00,12.56
2024-08-10 13:45:00,10.756
2024-08-10 14:00:00,16.648
2024-08-10 14:15:00,12.792
2024-08-10 14:30:00,14.892
2024-08-10 14:45:00,12.504000000000001
2024-08-10 15:00:00,13.688
2024-08-10 15:15:00,10.680000000000001
2024-08-10 15:30:00,15.656
2024-08-10 15:45:00,17.232
2024-08-10 16:00:00,16.208
2024-08-10 16:15:00,12.8
2024-08-10 16:30:00,15.632
2024-08-10 16:45:00,15.32
2024-08-10 17:00:00,13.724
2024-08-10 17:15:00,14.940000000000001
2024-08-10 17:30:00,11.108
2024-08-10 17:45:00,10.348
2024-08-10 18:00:00,9.94
2024-08-10 18:15:00,13.74
2024-08-10 18:30:00,13.992
2024-08-10 18:45:00,13.64
2024-08-10 19:00:00,15.476
2024-08-10 19:15:00,14.48
2024-08-10 19:30:00,12.636
2024-08-10 19:45:00,13.828000000000001
2024-08-10 20:00:00,15.112
2024-08-10 20:15:00,15.56
2024-08-10 20:30:00,14.6
2024-08-10 20:45:00,14.104
2024-08-10 21:00:00,14.16
2024-08-10 21:15:00,12.904
2024-08-10 21:30:00,14.48
2024-08-10 21:45:00,12.908000000000001
2024-08-10 22:00:00,13.128
2024-08-10 22:15:00,11.672
2024-08-10 22:30:00,9.888
2024-08-10 22:45:00,12.788
2024-08-10 23:00:00,12.596000000000002
2024-08-10 23:15:00,11.092
2024-08-10 23:30:00,10.968
2024-08-10 23:45:00,9.315999999999999
2024-08-11 00:00:00,7.78
2024-08-11 00:15:00,9.008000000000001
2024-08-11 00:30:00,10.86
2024-08-11 00:45:00,9.492
2024-08-11 01:00:00,10.748
2024-08-11 01:15:00,10.024000000000001
2024-08-11 01:30:00,7.4
2024-08-11 01:45:00,8.268
2024-08-11 02:00:00,8.14
2024-08-11 02:15:00,7.664
2024-08-11 02:30:00,4.732
2024-08-11 02:45:00,5.38
2024-08-11 03:00:00,5.472
2024-08-11 03:15:00,4.824
2024-08-11 03:30:00,5.716
2024-08-11 03:45:00,6.188
2024-08-11 04:00:00,5.92
2024-08-11 04:15:00,8.136
2024-08-11 04:30:00,6.596
2024-08-11 04:45:00,4.404
2024-08-11 05:00:00,5.343999999999999
2024-08-11 05:15:00,4.208
2024-08-11 05:30:00,5.368
2024-08-11 05:45:00,3.892
2024-08-11 06:00:00,5.16
2024-08-11 06:15:00,3.864
2024-08-11 06:30:00,4.684
2024-08-11 06:45:00,6.584
2024-08-11 07:00:00,5.824
2024-08-11 07:15:00,6.316
2024-08-11 07:30:00,4.948
2024-08-11 07:45:00,4.588
2024-08-11 08:00:00,5.7
2024-08-11 08:15:00,4.812
2024-08-11 08:30:00,8.528
2024-08-11 08:45:00,5.232
2024-08-11 09:00:00,6.052
2024-08-11 09:15:00,5.452
2024-08-11 09:30:00,5.74
2024-08-11 09:45:00,6.568
2024-08-11 10:00:00,10.108
2024-08-11 10:15:00,7.392
2024-08-11 10:30:00,7.66
2024-08-11 10:45:00,6.204
2024-08-11 11:00:00,8.836
2024-08-11 11:15:00,11.52
2024-08-11 11:30:00,8.284
2024-08-11 11:45:00,12.568
2024-08-11 12:00:00,10.304
2024-08-11 12:15:00,11.328
2024-08-11 12:30:00,10.14
2024-08-11 12:45:00,10.052
2024-08-11 13:00:00,14.116
2024-08-11 13:15:00,12.648
2024-08-11 13:30:00,15.448
2024-08-11 13:45:00,18.264
2024-08-11 14:00:00,14.056
2024-08-11 14:15:00,15.724
2024-08-11 14:30:00,16.375999999999998
2024-08-11 14:45:00,13.744
2024-08-11 15:00:00,12.796
2024-08-11 15:15:00,13.556000000000001
2024-08-11 15:30:00,13.18
2024-08-11 15:45:00,14.328
2024-08-11 16:00:00,12.276
2024-08-11 16:15:00,16.572
2024-08-11 16:30:00,12.628
2024-08-11 16:45:00,12.644
2024-08-11 17:00:00,15.32
2024-08-11 17:15:00,13.672
2024-08-11 17:30:00,11.772
2024-08-11 17:45:00,13.428
2024-08-11 18:00:00,9.44
2024-08-11 18:15:00,15.431999999999999
2024-08-11 18:30:00,14.852
2024-08-11 18:45:00,17.880000000000003
2024-08-11 19:00:00,11.788
2024-08-11 19:15:00,14.548
2024-08-11 19:30:00,11.728
2024-08-11 19:45:00,11.048
2024-08-11 20:00:00,10.12
2024-08-11 20:15:00,11.156
2024-08-11 20:30:00,9.064
2024-08-11 20:45:00,12.14
2024-08-11 21:00:00,12.384
2024-08-11 21:15:00,17.368
2024-08-11 21:30:00,12.576
2024-08-11 21:45:00,12.104000000000001
2024-08-11 22:00:00,10.8
2024-08-11 22:15:00,12.332
2024-08-11 22:30:00,9.751999999999999
2024-08-11 22:45:00,8.404
2024-08-11 23:00:00,9.572
2024-08-11 23:15:00,8.104
2024-08-11 23:30:00,7.384
2024-08-11 23:45:00,6.584
2024-08-12 00:00:00,6.38
2024-08-12 00:15:00,6.556
2024-08-12 00:30:00,6.36
2024-08-12 00:45:00,5.656000000000001
2024-08-12 01:00:00,5.312
2024-08-12 01:15:00,6.888
2024-08-12 01:30:00,4.98
2024-08-12 01:45:00,5.464
2024-08-12 02:00:00,5.252000000000001
2024-08-12 02:15:00,6.112
2024-08-12 02:30:00,5.228
2024-08-12 02:45:00,5.32
2024-08-12 03:00:00,6.568
2024-08-12 03:15:00,5.372
2024-08-12 03:30:00,6.0920000000000005
2024-08-12 03:45:00,5.104
2024-08-12 04:00:00,4.336
2024-08-12 04:15:00,5.416
2024-08-12 04:30:00,4.404
2024-08-12 04:45:00,3.724
2024-08-12 05:00:00,5.032
2024-08-12 05:15:00,4.116
2024-08-12 05:30:00,4.384
2024-08-12 05:45:00,5.404
2024-08-12 06:00:00,4.612
2024-08-12 06:15:00,3.944
2024-08-12 06:30:00,3.9560000000000004
2024-08-12 06:45:00,4.96
2024-08-12 07:00:00,4.228
2024-08-12 07:15:00,3.8840000000000003
2024-08-12 07:30:00,4.056
2024-08-12 07:45:00,6.084
2024-08-12 08:00:00,4.104
2024-08-12 08:15:00,5.484
2024-08-12 08:30:00,3.876
2024-08-12 08:45:00,4.064
2024-08-12 09:00:00,4.4399999999999995
2024-08-12 09:15:00,4.9079999999999995
2024-08-12 09:30:00,4.248
2024-08-12 09:45:00,3.836
2024-08-12 10:00:00,4.5280000000000005
2024-08-12 10:15:00,6.416
2024-08-12 10:30:00,3.8
2024-08-12 10:45:00,6.372
2024-08-12 11:00:00,4.656
2024-08-12 11:15:00,4.772
2024-08-12 11:30:00,6.224
2024-08-12 11:45:00,5.96
2024-08-12 12:00:00,5.688
2024-08-12 12:15:00,6.116
2024-08-12 12:30:00,7.592
2024-08-12 12:45:00,5.74
2024-08-12 13:00:00,13.548000000000002
2024-08-12 13:15:00,8.475999999999999
2024-08-12 13:30:00,11.336
2024-08-12 13:45:00,10.648
2024-08-12 14:00:00,8.132
2024-08-12 14:15:00,12.128
2024-08-12 14:30:00,8.876000000000001
2024-08-12 14:45:00,8.56
2024-08-12 15:00:00,9.852
2024-08-12 15:15:00,8.212
2024-08-12 15:30:00,9.012
2024-08-12 15:45:00,8.219999999999999
2024-08-12 16:00:00,10.688
2024-08-12 16:15:00,8.508000000000001
2024-08-12 16:30:00,7.936
2024-08-12 16:45:00,8.412
2024-08-12 17:00:00,8.756
2024-08-12 17:15:00,9.952
2024-08-12 17:30:00,8.456
2024-08-12 17:45:00,6.308
2024-08-12 18:00:00,4.848
2024-08-12 18:15:00,4.444
2024-08-12 18:30:00,5.836
2024-08-12 18:45:00,5.608
2024-08-12 19:00:00,6.58
2024-08-12 19:15:00,6.72
2024-08-12 19:30:00,6.296
2024-08-12 19:45:00,6.892
2024-08-12 20:00:00,5.584
2024-08-12 20:15:00,5.9159999999999995
2024-08-12 20:30:00,5.804
2024-08-12 20:45:00,8.828
2024-08-12 21:00:00,6.728
2024-08-12 21:15:00,6.716
2024-08-12 21:30:00,6.992
2024-08-12 21:45:00,6.372
2024-08-12 22:00:00,8.728
2024-08-12 22:15:00,5.772
2024-08-12 22:30:00,6.656
2024-08-12 22:45:00,5.388
2024-08-12 23:00:00,5.888
2024-08-12 23:15:00,4.708
2024-08-12 23:30:00,4.04
2024-08-12 23:45:00,5.044
2024-08-13 00:00:00,3.82
2024-08-13 00:15:00,4.432
2024-08-13 00:30:00,4.88
2024-08-13 00:45:00,3.86
2024-08-13 01:00:00,3.212
2024-08-13 01:15:00,2.904
2024-08-13 01:30:00,4.4079999999999995
2024-08-13 01:45:00,3.072
2024-08-13 02:00:00,2.852
2024-08-13 02:15:00,4.46
2024-08-13 02:30:00,4.676
2024-08-13 02:45:00,3.096
2024-08-13 03:00:00,3.228
2024-08-13 03:15:00,2.944
2024-08-13 03:30:00,2.272
2024-08-13 03:45:00,3.508
2024-08-13 04:00:00,2.976
2024-08-13 04:15:00,3.208
2024-08-13 04:30:00,3.012
2024-08-13 04:45:00,2.816
2024-08-13 05:00:00,2.76
2024-08-13 05:15:00,3.9400000000000004
2024-08-13 05:30:00,3.18
2024-08-13 05:45:00,5.26
2024-08-13 06:00:00,3.68
2024-08-13 06:15:00,2.844
2024-08-13 06:30:00,3.06
2024-08-13 06:45:00,3.164
2024-08-13 07:00:00,3.34
2024-08-13 07:15:00,2.3200000000000003
2024-08-13 07:30:00,2.856
2024-08-13 07:45:00,4.7
2024-08-13 08:00:00,3.944
2024-08-13 08:15:00,3.92
2024-08-13 08:30:00,4.548
2024-08-13 08:45:00,4.64
2024-08-13 09:00:00,4.548
2024-08-13 09:15:00,5.4399999999999995
2024-08-13 09:30:00,6.296
2024-08-13 09:45:00,4.868
2024-08-13 10:00:00,4.704
2024-08-13 10:15:00,5.624
2024-08-13 10:30:00,4.336
2024-08-13 10:45:00,5.124
2024-08-13 11:00:00,6.0600000000000005
2024-08-13 11:15:00,4.62
2024-08-13 11:30:00,5.584
2024-08-13 11:45:00,4.808
2024-08-13 12:00:00,4.616
2024-08-13 12:15:00,5.284
2024-08-13 12:30:00,5.1
2024-08-13 12:45:00,5.836
2024-08-13 13:00:00,5.327999999999999
2024-08-13 13:15:00,6.192
2024-08-13 13:30:00,5.308
2024-08-13 13:45:00,4.356
2024-08-13 14:00:00,6.516
2024-08-13 14:15:00,4.668
2024-08-13 14:30:00,5.18
2024-08-13 14:45:00,5.8
2024-08-13 15:00:00,5.684
2024-08-13 15:15:00,6.464
2024-08-13 15:30:00,9.808
2024-08-13 15:45:00,7.688
2024-08-13 16:00:00,10.304
2024-08-13 16:15:00,9.912
2024-08-13 16:30:00,6.424
2024-08-13 16:45:00,9.896
2024-08-13 17:00:00,6.236
2024-08-13 17:15:00,7.683999999999999
2024-08-13 17:30:00,6.66
2024-08-13 17:45:00,7.656
2024-08-13 18:00:00,6.096
2024-08-13 18:15:00,7.692
2024-08-13 18:30:00,6.012
2024-08-13 18:45:00,4.704
2024-08-13 19:00:00,5.212
2024-08-13 19:15:00,4.144
2024-08-13 19:30:00,5.404
2024-08-13 19:45:00,6.0760000000000005
2024-08-13 20:00:00,5.08
2024-08-13 20:15:00,4.08
2024-08-13 20:30:00,5.092
2024-08-13 20:45:00,6.5360000000000005
2024-08-13 21:00:00,4.888
2024-08-13 21:15:00,5.612
2024-08-13 21:30:00,6.112
2024-08-13 21:45:00,7.808
2024-08-13 22:00:00,6.836
2024-08-13 22:15:00,7.696000000000001
2024-08-13 22:30:00,6.136
2024-08-13 22:45:00,7.548
2024-08-13 23:00:00,5.4
2024-08-13 23:15:00,6.196
2024-08-13 23:30:00,6.244
2024-08-13 23:45:00,5.144
2024-08-14 00:00:00,4.468
2024-08-14 00:15:00,3.2640000000000002
2024-08-14 00:30:00,5.208
2024-08-14 00:45:00,3.468
2024-08-14 01:00:00,3.536
2024-08-14 01:15:00,4.512
2024-08-14 01:30:00,5.704000000000001
2024-08-14 01:45:00,3.712
2024-08-14 02:00:00,3.7520000000000002
2024-08-14 02:15:00,2.912
2024-08-14 02:30:00,3.616
2024-08-14 02:45:00,3.392
2024-08-14 03:00:00,2.804
2024-08-14 03:15:00,5.0280000000000005
2024-08-14 03:30:00,4.748
2024-08-14 03:45:00,2.864
2024-08-14 04:00:00,3.8280000000000003
2024-08-14 04:15:00,3.32
2024-08-14 04:30:00,2.772
2024-08-14 04:45:00,3.064
2024-08-14 05:00:00,3.156
2024-08-14 05:15:00,2.8440000000000003
2024-08-14 05:30:00,3.376
2024-08-14 05:45:00,2.988
2024-08-14 06:00:00,2.98
2024-08-14 06:15:00,3.184
2024-08-14 06:30:00,3.092
2024-08-14 06:45:00,2.7199999999999998
2024-08-14 07:00:00,3.2
2024-08-14 07:15:00,2.424
2024-08-14 07:30:00,2.588
2024-08-14 07:45:00,4.096
2024-08-14 08:00:00,4.0520000000000005
2024-08-14 08:15:00,3.524
2024-08-14 08:30:00,2.7920000000000003
2024-08-14 08:45:00,3.972
2024-08-14 09:00:00,4.588
2024-08-14 09:15:00,5.088
2024-08-14 09:30:00,3.5919999999999996
2024-08-14 09:45:00,3.7520000000000002
2024-08-14 10:00:00,5.132
2024-08-14 10:15:00,5.744
2024-08-14 10:30:00,6.4
2024-08-14 10:45:00,3.516
2024-08-14 11:00:00,8.251999999999999
2024-08-14 11:15:00,9.1
2024-08-14 11:30:00,10.608
2024-08-14 11:45:00,7.232
2024-08-14 12:00:00,6.564
2024-08-14 12:15:00,5.724
2024-08-14 12:30:00,8.347999999999999
2024-08-14 12:45:00,9.156
2024-08-14 13:00:00,6.756
2024-08-14 13:15:00,7.076
2024-08-14 13:30:00,9.120000000000001
2024-08-14 13:45:00,7.864
2024-08-14 14:00:00,9.972
2024-08-14 14:15:00,7.924
2024-08-14 14:30:00,7.672
2024-08-14 14:45:00,5.404
2024-08-14 15:00:00,7.22
2024-08-14 15:15:00,6.8
2024-08-14 15:30:00,8.112
2024-08-14 15:45:00,9.128
2024-08-14 16:00:00,5.632
2024-08-14 16:15:00,5.964
2024-08-14 16:30:00,6.504
2024-08-14 16:45:00,7.4399999999999995
2024-08-14 17:00:00,10.056000000000001
2024-08-14 17:15:00,7.124
2024-08-14 17:30:00,7.199999999999999
2024-08-14 17:45:00,6.436
2024-08-14 18:00:00,7.412
2024-08-14 18:15:00,9.76
2024-08-14 18:30:00,10.088000000000001
2024-08-14 18:45:00,9.176
2024-08-14 19:00:00,7.268
2024-08-14 19:15:00,5.268
2024-08-14 19:30:00,6.1
2024-08-14 19:45:00,8.504
2024-08-14 20:00:00,7.0280000000000005
2024-08-14 20:15:00,5.244
2024-08-14 20:30:00,6.747999999999999
2024-08-14 20:45:00,5.948
2024-08-14 21:00:00,6.188000000000001
2024-08-14 21:15:00,8.464
2024-08-14 21:30:00,7.22
2024-08-14 21:45:00,9.932
2024-08-14 22:00:00,10.2
2024-08-14 22:15:00,10.364
2024-08-14 22:30:00,7.144
2024-08-14 22:45:00,4.948
2024-08-14 23:00:00,5.58
2024-08-14 23:15:00,4.724
2024-08-14 23:30:00,4.88
2024-08-14 23:45:00,4.3
2024-08-15 00:00:00,4.048
2024-08-15 00:15:00,5.04
2024-08-15 00:30:00,5.812
2024-08-15 00:45:00,6.84
2024-08-15 01:00:00,5.0760000000000005
2024-08-15 01:15:00,2.896
2024-08-15 01:30:00,3.928
2024-08-15 01:45:00,3.552
2024-08-15 02:00:00,3.244
2024-08-15 02:15:00,3.2039999999999997
2024-08-15 02:30:00,3.2079999999999997
2024-08-15 02:45:00,4.772
2024-08-15 03:00:00,3.472
2024-08-15 03:15:00,3.2960000000000003
2024-08-15 03:30:00,2.984
2024-08-15 03:45:00,2.848
2024-08-15 04:00:00,3.032
2024-08-15 04:15:00,3.092
2024-08-15 04:30:00,3.292
2024-08-15 04:45:00,3.292
2024-08-15 05:00:00,3.136
2024-08-15 05:15:00,2.908
2024-08-15 05:30:00,2.66
2024-08-15 05:45:00,2.94
2024-08-15 06:00:00,3.056
2024-08-15 06:15:00,3.572
2024-08-15 06:30:00,2.708
2024-08-15 06:45:00,2.7479999999999998
2024-08-15 07:00:00,2.82
2024-08-15 07:15:00,2.896
2024-08-15 07:30:00,2.892
2024-08-15 07:45:00,3.644
2024-08-15 08:00:00,3.108
2024-08-15 08:15:00,3.968
2024-08-15 08:30:00,3.6079999999999997
2024-08-15 08:45:00,2.88
2024-08-15 09:00:00,2.788
2024-08-15 09:15:00,4.62
2024-08-15 09:30:00,5.464
2024-08-15 09:45:00,5.156
2024-08-15 10:00:00,4.848
2024-08-15 10:15:00,4.036
2024-08-15 10:30:00,4.688
2024-08-15 10:45:00,4.792
2024-08-15 11:00:00,3.1479999999999997
2024-08-15 11:15:00,6.876
2024-08-15 11:30:00,6.792
2024-08-15 11:45:00,12.044
2024-08-15 12:00:00,5.984
2024-08-15 12:15:00,8.972
2024-08-15 12:30:00,7.476
2024-08-15 12:45:00,9.228
2024-08-15 13:00:00,9.724
2024-08-15 13:15:00,5.568
2024-08-15 13:30:00,10.248
2024-08-15 13:45:00,14.251999999999999
2024-08-15 14:00:00,10.408
2024-08-15 14:15:00,8.2
2024-08-15 14:30:00,8.815999999999999
2024-08-15 14:45:00,12.475999999999999
2024-08-15 15:00:00,8.943999999999999
2024-08-15 15:15:00,10.032
2024-08-15 15:30:00,7.916
2024-08-15 15:45:00,16.544
2024-08-15 16:00:00,14.392
2024-08-15 16:15:00,14.132
2024-08-15 16:30:00,14.204
2024-08-15 16:45:00,12.832
2024-08-15 17:00:00,12.156
2024-08-15 17:15:00,11.3
2024-08-15 17:30:00,14.268
2024-08-15 17:45:00,11.328
2024-08-15 18:00:00,13.24
2024-08-15 18:15:00,12.208
2024-08-15 18:30:00,10.388
2024-08-15 18:45:00,10.64
2024-08-15 19:00:00,9.856
2024-08-15 19:15:00,13.34
2024-08-15 19:30:00,11.996
2024-08-15 19:45:00,11.712
2024-08-15 20:00:00,10.72
2024-08-15 20:15:00,6.52
2024-08-15 20:30:00,9.628
2024-08-15 20:45:00,7.748
2024-08-15 21:00:00,9.896
2024-08-15 21:15:00,9.116
2024-08-15 21:30:00,5.916
2024-08-15 21:45:00,8.292
2024-08-15 22:00:00,6.316
2024-08-15 22:15:00,6.948
2024-08-15 22:30:00,10.58
2024-08-15 22:45:00,10.027999999999999
2024-08-15 23:00:00,9.616
2024-08-15 23:15:00,9.044
2024-08-15 23:30:00,8.283999999999999
2024-08-15 23:45:00,5.108
2024-08-16 00:00:00,5.976
2024-08-16 00:15:00,5.376
2024-08-16 00:30:00,4.612
2024-08-16 00:45:00,4.464
2024-08-16 01:00:00,4.756
2024-08-16 01:15:00,3.932
2024-08-16 01:30:00,4.708
2024-08-16 01:45:00,6.1080000000000005
2024-08-16 02:00:00,6.492000000000001
2024-08-16 02:15:00,4.344
2024-08-16 02:30:00,3.7640000000000002
2024-08-16 02:45:00,4.0
2024-08-16 03:00:00,3.916
2024-08-16 03:15:00,4.196
2024-08-16 03:30:00,3.524
2024-08-16 03:45:00,3.856
2024-08-16 04:00:00,4.052
2024-08-16 04:15:00,3.996
2024-08-16 04:30:00,3.252
2024-08-16 04:45:00,3.3560000000000003
2024-08-16 05:00:00,3.7800000000000002
2024-08-16 05:15:00,3.7359999999999998
2024-08-16 05:30:00,2.684
2024-08-16 05:45:00,3.2439999999999998
2024-08-16 06:00:00,3.604
2024-08-16 06:15:00,3.204
2024-08-16 06:30:00,3.944
2024-08-16 06:45:00,2.724
2024-08-16 07:00:00,3.2439999999999998
2024-08-16 07:15:00,3.12
2024-08-16 07:30:00,3.404
2024-08-16 07:45:00,2.612
2024-08-16 08:00:00,4.44
2024-08-16 08:15:00,3.192
2024-08-16 08:30:00,3.3520000000000003
2024-08-16 08:45:00,2.724
2024-08-16 09:00:00,3.556
2024-08-16 09:15:00,5.476
2024-08-16 09:30:00,3.78
2024-08-16 09:45:00,4.248
2024-08-16 10:00:00,3.752
2024-08-16 10:15:00,3.768
2024-08-16 10:30:00,5.348
2024-08-16 10:45:00,4.852
2024-08-16 11:00:00,7.572
2024-08-16 11:15:00,7.884
2024-08-16 11:30:00,6.784
2024-08-16 11:45:00,5.792
2024-08-16 12:00:00,4.3
2024-08-16 12:15:00,8.328
2024-08-16 12:30:00,7.028
2024-08-16 12:45:00,8.44
2024-08-16 13:00:00,7.78
2024-08-16 13:15:00,6.54
2024-08-16 13:30:00,11.98
2024-08-16 13:45:00,11.608
2024-08-16 14:00:00,10.98
2024-08-16 14:15:00,10.216
2024-08-16 14:30:00,10.124
2024-08-16 14:45:00,10.048
2024-08-16 15:00:00,11.192
2024-08-16 15:15:00,9.772
2024-08-16 15:30:00,13.612
2024-08-16 15:45:00,13.184
2024-08-16 16:00:00,14.168
2024-08-16 16:15:00,16.896
2024-08-16 16:30:00,16.868
2024-08-16 16:45:00,13.76
2024-08-16 17:00:00,13.132
2024-08-16 17:15:00,15.008000000000001
2024-08-16 17:30:00,8.4
2024-08-16 17:45:00,12.048
2024-08-16 18:00:00,13.196
2024-08-16 18:15:00,12.212
2024-08-16 18:30:00,8.936
2024-08-16 18:45:00,12.384
2024-08-16 19:00:00,10.32
2024-08-16 19:15:00,10.304
2024-08-16 19:30:00,9.684
2024-08-16 19:45:00,11.092
2024-08-16 20:00:00,8.52
2024-08-16 20:15:00,9.176
2024-08-16 20:30:00,9.436
2024-08-16 20:45:00,9.120000000000001
2024-08-16 21:00:00,8.491999999999999
2024-08-16 21:15:00,9.176
2024-08-16 21:30:00,8.844
2024-08-16 21:45:00,8.844
2024-08-16 22:00:00,7.344
2024-08-16 22:15:00,8.704
2024-08-16 22:30:00,10.032
2024-08-16 22:45:00,8.656
2024-08-16 23:00:00,7.6080000000000005
2024-08-16 23:15:00,6.372
2024-08-16 23:30:00,7.24
2024-08-16 23:45:00,6.416
2024-08-17 00:00:00,6.892
2024-08-17 00:15:00,5.332
2024-08-17 00:30:00,6.528
2024-08-17 00:45:00,5.82
2024-08-17 01:00:00,5.236000000000001
2024-08-17 01:15:00,4.788
2024-08-17 01:30:00,4.5520000000000005
2024-08-17 01:45:00,3.8800000000000003
2024-08-17 02:00:00,3.372
2024-08-17 02:15:00,3.988
2024-08-17 02:30:00,4.08
2024-08-17 02:45:00,4.896
2024-08-17 03:00:00,3.732
2024-08-17 03:15:00,3.136
2024-08-17 03:30:00,3.2680000000000002
2024-08-17 03:45:00,2.7560000000000002
2024-08-17 04:00:00,3.716
2024-08-17 04:15:00,3.856
2024-08-17 04:30:00,2.984
2024-08-17 04:45:00,4.7
2024-08-17 05:00:00,3.408
2024-08-17 05:15:00,3.944
2024-08-17 05:30:00,3.512
2024-08-17 05:45:00,3.188
2024-08-17 06:00:00,3.244
2024-08-17 06:15:00,2.3320000000000003
2024-08-17 06:30:00,4.264
2024-08-17 06:45:00,2.876
2024-08-17 07:00:00,4.032
2024-08-17 07:15:00,3.8
2024-08-17 07:30:00,4.468
2024-08-17 07:45:00,2.524
2024-08-17 08:00:00,3.304
2024-08-17 08:15:00,3.204
2024-08-17 08:30:00,3.984
2024-08-17 08:45:00,4.752
2024-08-17 09:00:00,5.148
2024-08-17 09:15:00,5.848
2024-08-17 09:30:00,7.0360000000000005
2024-08-17 09:45:00,4.732
2024-08-17 10:00:00,5.819999999999999
2024-08-17 10:15:00,5.3919999999999995
2024-08-17 10:30:00,5.239999999999999
2024-08-17 10:45:00,6.424
2024-08-17 11:00:00,4.676
2024-08-17 11:15:00,6.392
2024-08-17 11:30:00,5.728
2024-08-17 11:45:00,6.3
2024-08-17 12:00:00,5.356
2024-08-17 12:15:00,6.0200000000000005
2024-08-17 12:30:00,5.304
2024-08-17 12:45:00,3.896
2024-08-17 13:00:00,4.984
2024-08-17 13:15:00,4.9
2024-08-17 13:30:00,3.796
2024-08-17 13:45:00,4.936
2024-08-17 14:00:00,5.4239999999999995
2024-08-17 14:15:00,7.832
2024-08-17 14:30:00,9.672
2024-08-17 14:45:00,8.368
2024-08-17 15:00:00,6.776
2024-08-17 15:15:00,4.84
2024-08-17 15:30:00,4.3999999999999995
2024-08-17 15:45:00,5.22
2024-08-17 16:00:00,5.359999999999999
2024-08-17 16:15:00,6.064
2024-08-17 16:30:00,7.14
2024-08-17 16:45:00,7.848
2024-08-17 17:00:00,9.004
2024-08-17 17:15:00,7.4959999999999996
2024-08-17 17:30:00,5.708
2024-08-17 17:45:00,10.684
2024-08-17 18:00:00,5.9879999999999995
2024-08-17 18:15:00,7.58
2024-08-17 18:30:00,9.288
2024-08-17 18:45:00,10.852
2024-08-17 19:00:00,9.372
2024-08-17 19:15:00,8.032
2024-08-17 19:30:00,9.024000000000001
2024-08-17 19:45:00,10.4
2024-08-17 20:00:00,13.524
2024-08-17 20:15:00,14.700000000000001
2024-08-17 20:30:00,16.484
2024-08-17 20:45:00,16.468
2024-08-17 21:00:00,14.14
2024-08-17 21:15:00,13.532000000000002
2024-08-17 21:30:00,10.251999999999999
2024-08-17 21:45:00,6.3
2024-08-17 22:00:00,7.456
2024-08-17 22:15:00,7.188
2024-08-17 22:30:00,7.056
2024-08-17 22:45:00,7.308
2024-08-17 23:00:00,6.756
2024-08-17 23:15:00,7.516
2024-08-17 23:30:00,9.216
2024-08-17 23:45:00,9.276
2024-08-18 00:00:00,8.516
2024-08-18 00:15:00,7.076
2024-08-18 00:30:00,7.763999999999999
2024-08-18 00:45:00,4.848
2024-08-18 01:00:00,2.808
2024-08-18 01:15:00,5.084
2024-08-18 01:30:00,3.188
2024-08-18 01:45:00,4.092
2024-08-18 02:00:00,3.336
2024-08-18 02:15:00,2.62
2024-08-18 02:30:00,3.124
2024-08-18 02:45:00,2.692
2024-08-18 03:00:00,5.84
2024-08-18 03:15:00,5.188
2024-08-18 03:30:00,4.268
2024-08-18 03:45:00,2.656
2024-08-18 04:00:00,2.884
2024-08-18 04:15:00,3.3160000000000003
2024-08-18 04:30:00,2.836
2024-08-18 04:45:00,4.216
2024-08-18 05:00:00,2.38
2024-08-18 05:15:00,2.936
2024-08-18 05:30:00,4.576
2024-08-18 05:45:00,3.02
2024-08-18 06:00:00,3.04
2024-08-18 06:15:00,2.656
2024-08-18 06:30:00,3.1479999999999997
2024-08-18 06:45:00,2.792
2024-08-18 07:00:00,3.228
2024-08-18 07:15:00,3.34
2024-08-18 07:30:00,2.884
2024-08-18 07:45:00,2.688
2024-08-18 08:00:00,2.624
2024-08-18 08:15:00,4.528
2024-08-18 08:30:00,5.452
2024-08-18 08:45:00,7.215999999999999
2024-08-18 09:00:00,5.295999999999999
2024-08-18 09:15:00,3.612
2024-08-18 09:30:00,2.456
2024-08-18 09:45:00,5.628
2024-08-18 10:00:00,3.956
2024-08-18 10:15:00,3.716
2024-08-18 10:30:00,6.592
2024-08-18 10:45:00,5.0040000000000004
2024-08-18 11:00:00,5.4639999999999995
2024-08-18 11:15:00,6.332
2024-08-18 11:30:00,7.756
2024-08-18 11:45:00,7.296
2024-08-18 12:00:00,5.776
2024-08-18 12:15:00,5.5040000000000004
2024-08-18 12:30:00,8.443999999999999
2024-08-18 12:45:00,9.308
2024-08-18 13:00:00,8.16
2024-08-18 13:15:00,10.168
2024-08-18 13:30:00,8.9
2024-08-18 13:45:00,10.06
2024-08-18 14:00:00,11.783999999999999
2024-08-18 14:15:00,12.608
2024-08-18 14:30:00,7.816
2024-08-18 14:45:00,12.267999999999999
2024-08-18 15:00:00,8.584
2024-08-18 15:15:00,11.911999999999999
2024-08-18 15:30:00,8.208
2024-08-18 15:45:00,7.796
2024-08-18 16:00:00,9.504
2024-08-18 16:15:00,8.608
2024-08-18 16:30:00,8.94
2024-08-18 16:45:00,5.468
2024-08-18 17:00:00,7.344
2024-08-18 17:15:00,6.972
2024-08-18 17:30:00,7.867999999999999
2024-08-18 17:45:00,4.748
2024-08-18 18:00:00,7.348000000000001
2024-08-18 18:15:00,5.544
2024-08-18 18:30:00,7.476
2024-08-18 18:45:00,5.992
2024-08-18 19:00:00,10.248
2024-08-18 19:15:00,4.98
2024-08-18 19:30:00,6.792
2024-08-18 19:45:00,5.68
2024-08-18 20:00:00,5.824
2024-08-18 20:15:00,3.8160000000000003
2024-08-18 20:30:00,4.6
2024-08-18 20:45:00,5.912
2024-08-18 21:00:00,7.88
2024-08-18 21:15:00,4.676
2024-08-18 21:30:00,6.524
2024-08-18 21:45:00,4.308
2024-08-18 22:00:00,5.0760000000000005
2024-08-18 22:15:00,6.3
2024-08-18 22:30:00,7.404
2024-08-18 22:45:00,5.54
2024-08-18 23:00:00,3.0
2024-08-18 23:15:00,4.616
2024-08-18 23:30:00,3.092
2024-08-18 23:45:00,3.864
2024-08-19 00:00:00,2.684
2024-08-19 00:15:00,2.86
2024-08-19 00:30:00,2.66
2024-08-19 00:45:00,2.7960000000000003
2024-08-19 01:00:00,5.504
2024-08-19 01:15:00,4.328
2024-08-19 01:30:00,3.608
2024-08-19 01:45:00,2.604
2024-08-19 02:00:00,2.364
2024-08-19 02:15:00,2.9
2024-08-19 02:30:00,3.708
2024-08-19 02:45:00,2.824
2024-08-19 03:00:00,2.424
2024-08-19 03:15:00,2.644
2024-08-19 03:30:00,2.816
2024-08-19 03:45:00,2.636
2024-08-19 04:00:00,2.32
2024-08-19 04:15:00,2.696
2024-08-19 04:30:00,2.704
2024-08-19 04:45:00,2.372
2024-08-19 05:00:00,2.7439999999999998
2024-08-19 05:15:00,2.444
2024-08-19 05:30:00,2.452
2024-08-19 05:45:00,2.712
2024-08-19 06:00:00,2.704
2024-08-19 06:15:00,3.188
2024-08-19 06:30:00,3.908
2024-08-19 06:45:00,3.44
2024-08-19 07:00:00,3.188
2024-08-19 07:15:00,2.272
2024-08-19 07:30:00,2.916
2024-08-19 07:45:00,2.144
2024-08-19 08:00:00,2.388
2024-08-19 08:15:00,2.376
2024-08-19 08:30:00,2.52
2024-08-19 08:45:00,2.112
2024-08-19 09:00:00,3.668
2024-08-19 09:15:00,2.364
2024-08-19 09:30:00,3.968
2024-08-19 09:45:00,4.484
2024-08-19 10:00:00,2.988
2024-08-19 10:15:00,2.9080000000000004
2024-08-19 10:30:00,3.192
2024-08-19 10:45:00,2.872
2024-08-19 11:00:00,4.464
2024-08-19 11:15:00,4.808000000000001
2024-08-19 11:30:00,8.168
2024-08-19 11:45:00,2.792
2024-08-19 12:00:00,5.444
2024-08-19 12:15:00,4.172
2024-08-19 12:30:00,8.8
2024-08-19 12:45:00,7.388
2024-08-19 13:00:00,13.876
2024-08-19 13:15:00,15.288
2024-08-19 13:30:00,11.812
2024-08-19 13:45:00,9.612
2024-08-19 14:00:00,12.272
2024-08-19 14:15:00,11.408
2024-08-19 14:30:00,10.556
2024-08-19 14:45:00,11.684
2024-08-19 15:00:00,12.427999999999999
2024-08-19 15:15:00,13.411999999999999
2024-08-19 15:30:00,13.26
2024-08-19 15:45:00,18.04
2024-08-19 16:00:00,15.676
2024-08-19 16:15:00,15.204
2024-08-19 16:30:00,18.747999999999998
2024-08-19 16:45:00,12.943999999999999
2024-08-19 17:00:00,14.312
2024-08-19 17:15:00,11.464
2024-08-19 17:30:00,9.072
2024-08-19 17:45:00,10.108
2024-08-19 18:00:00,8.256
2024-08-19 18:15:00,9.572
2024-08-19 18:30:00,10.299999999999999
2024-08-19 18:45:00,12.616
2024-08-19 19:00:00,11.123999999999999
2024-08-19 19:15:00,11.08
2024-08-19 19:30:00,10.476
2024-08-19 19:45:00,8.708
2024-08-19 20:00:00,10.463999999999999
2024-08-19 20:15:00,8.844000000000001
2024-08-19 20:30:00,7.7
2024-08-19 20:45:00,6.676
2024-08-19 21:00:00,6.06
2024-08-19 21:15:00,8.66
2024-08-19 21:30:00,9.208
2024-08-19 21:45:00,8.384
2024-08-19 22:00:00,6.016
2024-08-19 22:15:00,6.932
2024-08-19 22:30:00,7.247999999999999
2024-08-19 22:45:00,6.635999999999999
2024-08-19 23:00:00,6.164
2024-08-19 23:15:00,7.62
2024-08-19 23:30:00,7.556
2024-08-19 23:45:00,7.76
2024-08-20 00:00:00,3.724
2024-08-20 00:15:00,3.1799999999999997
2024-08-20 00:30:00,3.008
2024-08-20 00:45:00,3.42
2024-08-20 01:00:00,4.424
2024-08-20 01:15:00,4.584
2024-08-20 01:30:00,4.1
2024-08-20 01:45:00,2.916
2024-08-20 02:00:00,4.868
2024-08-20 02:15:00,4.816
2024-08-20 02:30:00,3.652
2024-08-20 02:45:00,3.836
2024-08-20 03:00:00,3.844
2024-08-20 03:15:00,3.504
2024-08-20 03:30:00,3.904
2024-08-20 03:45:00,2.388
2024-08-20 04:00:00,3.996
2024-08-20 04:15:00,5.268
2024-08-20 04:30:00,4.4719999999999995
2024-08-20 04:45:00,2.504
2024-08-20 05:00:00,2.292
2024-08-20 05:15:00,2.848
2024-08-20 05:30:00,2.816
2024-08-20 05:45:00,2.412
2024-08-20 06:00:00,2.544
2024-08-20 06:15:00,2.448
2024-08-20 06:30:00,3.036
2024-08-20 06:45:00,2.64
2024-08-20 07:00:00,2.432
2024-08-20 07:15:00,3.704
2024-08-20 07:30:00,4.116
2024-08-20 07:45:00,3.048
2024-08-20 08:00:00,2.416
2024-08-20 08:15:00,2.812
2024-08-20 08:30:00,1.748
2024-08-20 08:45:00,2.6919999999999997
2024-08-20 09:00:00,3.044
2024-08-20 09:15:00,2.496
2024-08-20 09:30:00,2.148
2024-08-20 09:45:00,3.068
2024-08-20 10:00:00,2.464
2024-08-20 10:15:00,3.612
2024-08-20 10:30:00,4.976
2024-08-20 10:45:00,3.0959999999999996
2024-08-20 11:00:00,2.972
2024-08-20 11:15:00,4.436
2024-08-20 11:30:00,4.912000000000001
2024-08-20 11:45:00,6.4799999999999995
2024-08-20 12:00:00,7.999999999999999
2024-08-20 12:15:00,8.120000000000001
2024-08-20 12:30:00,10.152
2024-08-20 12:45:00,5.9879999999999995
2024-08-20 13:00:00,8.984
2024-08-20 13:15:00,9.08
2024-08-20 13:30:00,7.667999999999999
2024-08-20 13:45:00,11.895999999999999
2024-08-20 14:00:00,7.8999999999999995
2024-08-20 14:15:00,7.604
2024-08-20 14:30:00,9.6
2024-08-20 14:45:00,7.356
2024-08-20 15:00:00,10.732
2024-08-20 15:15:00,8.556000000000001
2024-08-20 15:30:00,7.588
2024-08-20 15:45:00,8.912
2024-08-20 16:00:00,11.251999999999999
2024-08-20 16:15:00,9.524000000000001
2024-08-20 16:30:00,12.216
2024-08-20 16:45:00,11.016
2024-08-20 17:00:00,8.847999999999999
2024-08-20 17:15:00,12.656
2024-08-20 17:30:00,8.756
2024-08-20 17:45:00,11.284
2024-08-20 18:00:00,6.16
2024-08-20 18:15:00,9.644
2024-08-20 18:30:00,7.452
2024-08-20 18:45:00,10.08
2024-08-20 19:00:00,8.176
2024-08-20 19:15:00,6.188
2024-08-20 19:30:00,6.472
2024-08-20 19:45:00,3.356
2024-08-20 20:00:00,7.0840000000000005
2024-08-20 20:15:00,3.208
2024-08-20 20:30:00,5.936
2024-08-20 20:45:00,6.164
2024-08-20 21:00:00,4.916
2024-08-20 21:15:00,5.811999999999999
2024-08-20 21:30:00,5.612
2024-08-20 21:45:00,5.683999999999999
2024-08-20 22:00:00,6.636
2024-08-20 22:15:00,7.380000000000001
2024-08-20 22:30:00,7.604
2024-08-20 22:45:00,6.032
2024-08-20 23:00:00,7.06
2024-08-20 23:15:00,5.164
2024-08-20 23:30:00,6.1
2024-08-20 23:45:00,3.048
2024-08-21 00:00:00,5.108
2024-08-21 00:15:00,6.119999999999999
2024-08-21 00:30:00,4.308
2024-08-21 00:45:00,4.516
2024-08-21 01:00:00,5.188
2024-08-21 01:15:00,4.136
2024-08-21 01:30:00,1.956
2024-08-21 01:45:00,3.6439999999999997
2024-08-21 02:00:00,2.66
2024-08-21 02:15:00,2.764
2024-08-21 02:30:00,2.8160000000000003
2024-08-21 02:45:00,2.924
2024-08-21 03:00:00,3.908
2024-08-21 03:15:00,4.736000000000001
2024-08-21 03:30:00,3.956
2024-08-21 03:45:00,1.996
2024-08-21 04:00:00,2.024
2024-08-21 04:15:00,2.992
2024-08-21 04:30:00,2.14
2024-08-21 04:45:00,2.052
2024-08-21 05:00:00,2.2199999999999998
2024-08-21 05:15:00,2.256
2024-08-21 05:30:00,1.852
2024-08-21 05:45:00,1.992
2024-08-21 06:00:00,2.9000000000000004
2024-08-21 06:15:00,2.224
2024-08-21 06:30:00,1.948
2024-08-21 06:45:00,2.644
2024-08-21 07:00:00,1.948
2024-08-21 07:15:00,3.132
2024-08-21 07:30:00,2.964
2024-08-21 07:45:00,3.552
2024-08-21 08:00:00,3.336
2024-08-21 08:15:00,2.112
2024-08-21 08:30:00,1.7759999999999998
2024-08-21 08:45:00,2.7479999999999998
2024-08-21 09:00:00,3.124
2024-08-21 09:15:00,3.868
2024-08-21 09:30:00,6.344
2024-08-21 09:45:00,9.412
2024-08-21 10:00:00,9.988
2024-08-21 10:15:00,7.608
2024-08-21 10:30:00,7.244
2024-08-21 10:45:00,9.532
2024-08-21 11:00:00,9.024
2024-08-21 11:15:00,9.624
2024-08-21 11:30:00,5.848
2024-08-21 11:45:00,7.18
2024-08-21 12:00:00,5.832
2024-08-21 12:15:00,8.512
2024-08-21 12:30:00,7.196
2024-08-21 12:45:00,9.620000000000001
2024-08-21 13:00:00,3.972
2024-08-21 13:15:00,9.708
2024-08-21 13:30:00,9.76
2024-08-21 13:45:00,11.868
2024-08-21 14:00:00,10.48
2024-08-21 14:15:00,9.896
2024-08-21 14:30:00,7.616
2024-08-21 14:45:00,11.28
2024-08-21 15:00:00,10.556
2024-08-21 15:15:00,11.28
2024-08-21 15:30:00,13.315999999999999
2024-08-21 15:45:00,10.543999999999999
2024-08-21 16:00:00,13.652
2024-08-21 16:15:00,13.036
2024-08-21 16:30:00,8.068
2024-08-21 16:45:00,11.288
2024-08-21 17:00:00,10.292
2024-08-21 17:15:00,12.228
2024-08-21 17:30:00,12.728
2024-08-21 17:45:00,10.476
2024-08-21 18:00:00,11.516
2024-08-21 18:15:00,7.008
2024-08-21 18:30:00,9.352
2024-08-21 18:45:00,7.508
2024-08-21 19:00:00,8.956
2024-08-21 19:15:00,10.464
2024-08-21 19:30:00,6.66
2024-08-21 19:45:00,11.428
2024-08-21 20:00:00,9.48
2024-08-21 20:15:00,11.128
2024-08-21 20:30:00,9.968
2024-08-21 20:45:00,6.936
2024-08-21 21:00:00,7.056
2024-08-21 21:15:00,5.8
2024-08-21 21:30:00,8.972
2024-08-21 21:45:00,6.564
2024-08-21 22:00:00,6.376
2024-08-21 22:15:00,5.752
2024-08-21 22:30:00,4.9639999999999995
2024-08-21 22:45:00,5.768
2024-08-21 23:00:00,7.768
2024-08-21 23:15:00,4.756
2024-08-21 23:30:00,3.504
2024-08-21 23:45:00,4.676
2024-08-22 00:00:00,3.888
2024-08-22 00:15:00,4.156
2024-08-22 00:30:00,5.536
2024-08-22 00:45:00,3.916
2024-08-22 01:00:00,4.12
2024-08-22 01:15:00,3.344
2024-08-22 01:30:00,2.8320000000000003
2024-08-22 01:45:00,2.66
2024-08-22 02:00:00,2.8360000000000003
2024-08-22 02:15:00,3.116
2024-08-22 02:30:00,3.16
2024-08-22 02:45:00,2.38
2024-08-22 03:00:00,2.832
2024-08-22 03:15:00,2.812
2024-08-22 03:30:00,2.14
2024-08-22 03:45:00,1.952
2024-08-22 04:00:00,4.42
2024-08-22 04:15:00,4.468
2024-08-22 04:30:00,3.044
2024-08-22 04:45:00,2.868
2024-08-22 05:00:00,2.432
2024-08-22 05:15:00,2.564
2024-08-22 05:30:00,2.032
2024-08-22 05:45:00,2.052
2024-08-22 06:00:00,2.476
2024-08-22 06:15:00,2.252
2024-08-22 06:30:00,2.488
2024-08-22 06:45:00,2.384
2024-08-22 07:00:00,2.172
2024-08-22 07:15:00,2.856
2024-08-22 07:30:00,1.78
2024-08-22 07:45:00,2.892
2024-08-22 08:00:00,1.476
2024-08-22 08:15:00,2.1999999999999997
2024-08-22 08:30:00,2.992
2024-08-22 08:45:00,2.604
2024-08-22 09:00:00,2.736
2024-08-22 09:15:00,3.788
2024-08-22 09:30:00,2.936
2024-08-22 09:45:00,5.168
2024-08-22 10:00:00,4.428
2024-08-22 10:15:00,3.908
2024-08-22 10:30:00,3.712
2024-08-22 10:45:00,4.188
2024-08-22 11:00:00,3.036
2024-08-22 11:15:00,3.78
2024-08-22 11:30:00,10.008000000000001
2024-08-22 11:45:00,5.604
2024-08-22 12:00:00,7.656
2024-08-22 12:15:00,6.5280000000000005
2024-08-22 12:30:00,7.708
2024-08-22 12:45:00,8.428
2024-08-22 13:00:00,12.788
2024-08-22 13:15:00,9.452
2024-08-22 13:30:00,6.016
2024-08-22 13:45:00,9.012
2024-08-22 14:00:00,9.991999999999999
2024-08-22 14:15:00,11.940000000000001
2024-08-22 14:30:00,7.904
2024-08-22 14:45:00,8.764
2024-08-22 15:00:00,7.54
2024-08-22 15:15:00,8.24
2024-08-22 15:30:00,11.376
2024-08-22 15:45:00,9.200000000000001
2024-08-22 16:00:00,7.984
2024-08-22 16:15:00,8.532
2024-08-22 16:30:00,9.512
2024-08-22 16:45:00,11.052
2024-08-22 17:00:00,10.34
2024-08-22 17:15:00,12.308
2024-08-22 17:30:00,8.98
2024-08-22 17:45:00,11.808
2024-08-22 18:00:00,10.299999999999999
2024-08-22 18:15:00,9.96
2024-08-22 18:30:00,8.82
2024-08-22 18:45:00,7.468
2024-08-22 19:00:00,9.696
2024-08-22 19:15:00,10.004
2024-08-22 19:30:00,9.344
2024-08-22 19:45:00,11.852
2024-08-22 20:00:00,9.94
2024-08-22 20:15:00,10.008
2024-08-22 20:30:00,7.848
2024-08-22 20:45:00,10.772
2024-08-22 21:00:00,8.52
2024-08-22 21:15:00,6.72
2024-08-22 21:30:00,7.96
2024-08-22 21:45:00,4.752
2024-08-22 22:00:00,6.748
2024-08-22 22:15:00,9.92
2024-08-22 22:30:00,7.368
2024-08-22 22:45:00,8.384
2024-08-22 23:00:00,5.412
2024-08-22 23:15:00,4.696
2024-08-22 23:30:00,5.6240000000000006
2024-08-22 23:45:00,6.256
2024-08-23 00:00:00,9.52
2024-08-23 00:15:00,4.76
2024-08-23 00:30:00,5.26
2024-08-23 00:45:00,4.092
2024-08-23 01:00:00,4.488
2024-08-23 01:15:00,3.936
2024-08-23 01:30:00,4.868
2024-08-23 01:45:00,5.644
2024-08-23 02:00:00,3.196
2024-08-23 02:15:00,2.328
2024-08-23 02:30:00,4.08
2024-08-23 02:45:00,3.3200000000000003
2024-08-23 03:00:00,2.48
2024-08-23 03:15:00,2.528
2024-08-23 03:30:00,2.524
2024-08-23 03:45:00,2.784
2024-08-23 04:00:00,3.272
2024-08-23 04:15:00,5.752
2024-08-23 04:30:00,3.92
2024-08-23 04:45:00,2.8680000000000003
2024-08-23 05:00:00,2.248
2024-08-23 05:15:00,2.7359999999999998
2024-08-23 05:30:00,2.2119999999999997
2024-08-23 05:45:00,2.468
2024-08-23 06:00:00,2.424
2024-08-23 06:15:00,2.488
2024-08-23 06:30:00,2.584
2024-08-23 06:45:00,2.936
2024-08-23 07:00:00,2.416
2024-08-23 07:15:00,2.844
2024-08-23 07:30:00,2.74
2024-08-23 07:45:00,2.692
2024-08-23 08:00:00,3.2039999999999997
2024-08-23 08:15:00,3.9
2024-08-23 08:30:00,4.9
2024-08-23 08:45:00,5.484
2024-08-23 09:00:00,3.756
2024-08-23 09:15:00,2.952
2024-08-23 09:30:00,2.496
2024-08-23 09:45:00,2.7159999999999997
2024-08-23 10:00:00,4.272
2024-08-23 10:15:00,3.54
2024-08-23 10:30:00,4.932
2024-08-23 10:45:00,5.928
2024-08-23 11:00:00,4.66
2024-08-23 11:15:00,4.052
2024-08-23 11:30:00,5.804
2024-08-23 11:45:00,4.548
2024-08-23 12:00:00,11.584
2024-08-23 12:15:00,10.288
2024-08-23 12:30:00,9.888
2024-08-23 12:45:00,8.264
2024-08-23 13:00:00,5.288
2024-08-23 13:15:00,10.088
2024-08-23 13:30:00,7.872000000000001
2024-08-23 13:45:00,8.016
2024-08-23 14:00:00,5.644
2024-08-23 14:15:00,6.256
2024-08-23 14:30:00,7.812
2024-08-23 14:45:00,10.636
2024-08-23 15:00:00,8.24
2024-08-23 15:15:00,7.1
2024-08-23 15:30:00,8.176
2024-08-23 15:45:00,9.276
2024-08-23 16:00:00,9.888
2024-08-23 16:15:00,9.360000000000001
2024-08-23 16:30:00,7.28
2024-08-23 16:45:00,9.032
2024-08-23 17:00:00,9.616
2024-08-23 17:15:00,12.196
2024-08-23 17:30:00,9.888
2024-08-23 17:45:00,9.32
2024-08-23 18:00:00,8.308
2024-08-23 18:15:00,9.664
2024-08-23 18:30:00,10.16
2024-08-23 18:45:00,11.847999999999999
2024-08-23 19:00:00,7.436
2024-08-23 19:15:00,6.244
2024-08-23 19:30:00,9.644
2024-08-23 19:45:00,8.948
2024-08-23 20:00:00,8.596
2024-08-23 20:15:00,7.4879999999999995
2024-08-23 20:30:00,6.0600000000000005
2024-08-23 20:45:00,8.34
2024-08-23 21:00:00,6.768
2024-08-23 21:15:00,8.128
2024-08-23 21:30:00,8.568
2024-08-23 21:45:00,6.4639999999999995
2024-08-23 22:00:00,6.096
2024-08-23 22:15:00,6.124
2024-08-23 22:30:00,6.26
2024-08-23 22:45:00,6.48
2024-08-23 23:00:00,7.636
2024-08-23 23:15:00,5.808
2024-08-23 23:30:00,6.159999999999999
2024-08-23 23:45:00,5.335999999999999
2024-08-24 00:00:00,4.92
2024-08-24 00:15:00,4.356
2024-08-24 00:30:00,4.652
2024-08-24 00:45:00,6.008
2024-08-24 01:00:00,5.644
2024-08-24 01:15:00,6.976000000000001
2024-08-24 01:30:00,6.136
2024-08-24 01:45:00,6.376
2024-08-24 02:00:00,5.868
2024-08-24 02:15:00,4.5040000000000004
2024-08-24 02:30:00,4.02
2024-08-24 02:45:00,5.072000000000001
2024-08-24 03:00:00,4.476
2024-08-24 03:15:00,4.252000000000001
2024-08-24 03:30:00,4.588
2024-08-24 03:45:00,4.4719999999999995
2024-08-24 04:00:00,4.264
2024-08-24 04:15:00,4.064
2024-08-24 04:30:00,5.78
2024-08-24 04:45:00,5.768
2024-08-24 05:00:00,5.572
2024-08-24 05:15:00,3.852
2024-08-24 05:30:00,4.5680000000000005
2024-08-24 05:45:00,4.74
2024-08-24 06:00:00,4.140000000000001
2024-08-24 06:15:00,4.076
2024-08-24 06:30:00,4.284
2024-08-24 06:45:00,4.484
2024-08-24 07:00:00,4.696
2024-08-24 07:15:00,4.044
2024-08-24 07:30:00,4.348
2024-08-24 07:45:00,5.228
2024-08-24 08:00:00,3.804
2024-08-24 08:15:00,3.848
2024-08-24 08:30:00,3.644
2024-08-24 08:45:00,3.5999999999999996
2024-08-24 09:00:00,4.4399999999999995
2024-08-24 09:15:00,3.5919999999999996
2024-08-24 09:30:00,3.824
2024-08-24 09:45:00,6.66
2024-08-24 10:00:00,6.4799999999999995
2024-08-24 10:15:00,5.772
2024-08-24 10:30:00,5.36
2024-08-24 10:45:00,5.327999999999999
2024-08-24 11:00:00,5.132
2024-08-24 11:15:00,5.308
2024-08-24 11:30:00,6.5760000000000005
2024-08-24 11:45:00,9.88
2024-08-24 12:00:00,6.432
2024-08-24 12:15:00,7.292
2024-08-24 12:30:00,6.08
2024-08-24 12:45:00,7.46
2024-08-24 13:00:00,5.672000000000001
2024-08-24 13:15:00,8.16
2024-08-24 13:30:00,8.268
2024-08-24 13:45:00,7.5760000000000005
2024-08-24 14:00:00,8.411999999999999
2024-08-24 14:15:00,7.444
2024-08-24 14:30:00,8.544
2024-08-24 14:45:00,7.392
2024-08-24 15:00:00,10.7
2024-08-24 15:15:00,11.456000000000001
2024-08-24 15:30:00,8.639999999999999
2024-08-24 15:45:00,11.004
2024-08-24 16:00:00,9.016
2024-08-24 16:15:00,11.588000000000001
2024-08-24 16:30:00,10.056000000000001
2024-08-24 16:45:00,8.024000000000001
2024-08-24 17:00:00,7.680000000000001
2024-08-24 17:15:00,8.92
2024-08-24 17:30:00,8.528
2024-08-24 17:45:00,11.188
2024-08-24 18:00:00,11.272
2024-08-24 18:15:00,11.288
2024-08-24 18:30:00,11.604
2024-08-24 18:45:00,11.168
2024-08-24 19:00:00,9.564
2024-08-24 19:15:00,9.06
2024-08-24 19:30:00,10.452
2024-08-24 19:45:00,7.668
2024-08-24 20:00:00,8.368
2024-08-24 20:15:00,9.408
2024-08-24 20:30:00,8.212
2024-08-24 20:45:00,5.8
2024-08-24 21:00:00,5.32
2024-08-24 21:15:00,4.936
2024-08-24 21:30:00,5.664
2024-08-24 21:45:00,5.364
2024-08-24 22:00:00,6.136
2024-08-24 22:15:00,5.156
2024-08-24 22:30:00,5.116
2024-08-24 22:45:00,6.172
2024-08-24 23:00:00,6.215999999999999
2024-08-24 23:15:00,4.88
2024-08-24 23:30:00,5.28
2024-08-24 23:45:00,6.364
2024-08-25 00:00:00,6.032
2024-08-25 00:15:00,4.772
2024-08-25 00:30:00,4.731999999999999
2024-08-25 00:45:00,3.788
2024-08-25 01:00:00,4.104
2024-08-25 01:15:00,5.264
2024-08-25 01:30:00,4.3759999999999994
2024-08-25 01:45:00,4.0
2024-08-25 02:00:00,5.36
2024-08-25 02:15:00,6.864
2024-08-25 02:30:00,6.228
2024-08-25 02:45:00,4.984
2024-08-25 03:00:00,4.64
2024-08-25 03:15:00,4.892
2024-08-25 03:30:00,3.7039999999999997
2024-08-25 03:45:00,4.364
2024-08-25 04:00:00,4.792
2024-08-25 04:15:00,4.164
2024-08-25 04:30:00,3.972
2024-08-25 04:45:00,4.388
2024-08-25 05:00:00,4.872
2024-08-25 05:15:00,3.884
2024-08-25 05:30:00,4.287999999999999
2024-08-25 05:45:00,3.9360000000000004
2024-08-25 06:00:00,5.880000000000001
2024-08-25 06:15:00,6.164
2024-08-25 06:30:00,4.4159999999999995
2024-08-25 06:45:00,3.8800000000000003
2024-08-25 07:00:00,4.236
2024-08-25 07:15:00,3.736
2024-08-25 07:30:00,4.04
2024-08-25 07:45:00,3.924
2024-08-25 08:00:00,4.212
2024-08-25 08:15:00,4.688
2024-08-25 08:30:00,5.372
2024-08-25 08:45:00,6.292
2024-08-25 09:00:00,7.28
2024-08-25 09:15:00,5.24
2024-08-25 09:30:00,5.168
2024-08-25 09:45:00,5.652
2024-08-25 10:00:00,7.459999999999999
2024-08-25 10:15:00,6.771999999999999
2024-08-25 10:30:00,3.88
2024-08-25 10:45:00,4.835999999999999
2024-08-25 11:00:00,3.984
2024-08-25 11:15:00,4.4879999999999995
2024-08-25 11:30:00,3.7079999999999997
2024-08-25 11:45:00,4.127999999999999
2024-08-25 12:00:00,3.7920000000000003
2024-08-25 12:15:00,6.0920000000000005
2024-08-25 12:30:00,6.912
2024-08-25 12:45:00,8.156
2024-08-25 13:00:00,5.176
2024-08-25 13:15:00,5.992
2024-08-25 13:30:00,3.436
2024-08-25 13:45:00,6.404
2024-08-25 14:00:00,7.332
2024-08-25 14:15:00,4.9239999999999995
2024-08-25 14:30:00,7.216
2024-08-25 14:45:00,3.768
2024-08-25 15:00:00,10.88
2024-08-25 15:15:00,7.752
2024-08-25 15:30:00,9.772
2024-08-25 15:45:00,8.664
2024-08-25 16:00:00,5.66
2024-08-25 16:15:00,7.92
2024-08-25 16:30:00,6.768
2024-08-25 16:45:00,9.664
2024-08-25 17:00:00,9.904
2024-08-25 17:15:00,9.128
2024-08-25 17:30:00,8.324
2024-08-25 17:45:00,5.632
2024-08-25 18:00:00,8.196
2024-08-25 18:15:00,6.704000000000001
2024-08-25 18:30:00,7.112
2024-08-25 18:45:00,8.08
2024-08-25 19:00:00,5.628
2024-08-25 19:15:00,8.952
2024-08-25 19:30:00,8.424
2024-08-25 19:45:00,5.128
2024-08-25 20:00:00,4.952
2024-08-25 20:15:00,3.528
2024-08-25 20:30:00,3.916
2024-08-25 20:45:00,5.1240000000000006
2024-08-25 21:00:00,5.16
2024-08-25 21:15:00,5.6080000000000005
2024-08-25 21:30:00,4.556
2024-08-25 21:45:00,3.396
2024-08-25 22:00:00,3.388
2024-08-25 22:15:00,2.848
2024-08-25 22:30:00,2.4
2024-08-25 22:45:00,2.452
2024-08-25 23:00:00,4.688
2024-08-25 23:15:00,3.8
2024-08-25 23:30:00,3.348
2024-08-25 23:45:00,2.6559999999999997
2024-08-26 00:00:00,1.596
2024-08-26 00:15:00,1.756
2024-08-26 00:30:00,2.476
2024-08-26 00:45:00,1.964
2024-08-26 01:00:00,1.976
2024-08-26 01:15:00,1.684
2024-08-26 01:30:00,1.692
2024-08-26 01:45:00,1.856
2024-08-26 02:00:00,1.756
2024-08-26 02:15:00,1.916
2024-08-26 02:30:00,2.636
2024-08-26 02:45:00,2.06
2024-08-26 03:00:00,1.76
2024-08-26 03:15:00,2.008
2024-08-26 03:30:00,2.024
2024-08-26 03:45:00,1.852
2024-08-26 04:00:00,1.9
2024-08-26 04:15:00,1.936
2024-08-26 04:30:00,2.332
2024-08-26 04:45:00,1.708
2024-08-26 05:00:00,1.752
2024-08-26 05:15:00,2.1999999999999997
2024-08-26 05:30:00,1.6119999999999999
2024-08-26 05:45:00,1.96
2024-08-26 06:00:00,1.9000000000000001
2024-08-26 06:15:00,1.6640000000000001
2024-08-26 06:30:00,1.808
2024-08-26 06:45:00,1.76
2024-08-26 07:00:00,1.808
2024-08-26 07:15:00,1.868
2024-08-26 07:30:00,1.62
2024-08-26 07:45:00,1.78
2024-08-26 08:00:00,1.508
2024-08-26 08:15:00,1.708
2024-08-26 08:30:00,1.964
2024-08-26 08:45:00,1.8880000000000001
2024-08-26 09:00:00,2.276
2024-08-26 09:15:00,2.64
2024-08-26 09:30:00,3.056
2024-08-26 09:45:00,4.976
2024-08-26 10:00:00,4.62
2024-08-26 10:15:00,5.244
2024-08-26 10:30:00,4.760000000000001
2024-08-26 10:45:00,5.14
2024-08-26 11:00:00,4.756
2024-08-26 11:15:00,5.0600000000000005
2024-08-26 11:30:00,6.0
2024-08-26 11:45:00,6.184
2024-08-26 12:00:00,7.604
2024-08-26 12:15:00,6.112
2024-08-26 12:30:00,7.216
2024-08-26 12:45:00,7.5
2024-08-26 13:00:00,10.676
2024-08-26 13:15:00,8.86
2024-08-26 13:30:00,7.46
2024-08-26 13:45:00,7.96
2024-08-26 14:00:00,5.364
2024-08-26 14:15:00,6.351999999999999
2024-08-26 14:30:00,9.06
2024-08-26 14:45:00,4.688
2024-08-26 15:00:00,5.896
2024-08-26 15:15:00,7.952
2024-08-26 15:30:00,6.2
2024-08-26 15:45:00,7.52
2024-08-26 16:00:00,4.5
2024-08-26 16:15:00,5.404
2024-08-26 16:30:00,5.644
2024-08-26 16:45:00,7.392
2024-08-26 17:00:00,9.48
2024-08-26 17:15:00,5.244
2024-08-26 17:30:00,8.8
2024-08-26 17:45:00,8.316
2024-08-26 18:00:00,5.64
2024-08-26 18:15:00,7.048
2024-08-26 18:30:00,10.356
2024-08-26 18:45:00,6.635999999999999
2024-08-26 19:00:00,7.651999999999999
2024-08-26 19:15:00,8.728
2024-08-26 19:30:00,9.236
2024-08-26 19:45:00,8.256
2024-08-26 20:00:00,9.644
2024-08-26 20:15:00,6.14
2024-08-26 20:30:00,6.444
2024-08-26 20:45:00,6.084
2024-08-26 21:00:00,6.184
2024-08-26 21:15:00,4.592
2024-08-26 21:30:00,5.868
2024-08-26 21:45:00,5.948
2024-08-26 22:00:00,5.744
2024-08-26 22:15:00,5.448
2024-08-26 22:30:00,4.732
2024-08-26 22:45:00,5.6240000000000006
2024-08-26 23:00:00,4.344
2024-08-26 23:15:00,3.3
2024-08-26 23:30:00,5.452
2024-08-26 23:45:00,5.464
2024-08-27 00:00:00,3.944
2024-08-27 00:15:00,3.156
2024-08-27 00:30:00,4.0440000000000005
2024-08-27 00:45:00,2.528
2024-08-27 01:00:00,2.184
2024-08-27 01:15:00,2.588
2024-08-27 01:30:00,2.624
2024-08-27 01:45:00,2.092
2024-08-27 02:00:00,2.516
2024-08-27 02:15:00,2.268
2024-08-27 02:30:00,1.964
2024-08-27 02:45:00,2.268
2024-08-27 03:00:00,2.176
2024-08-27 03:15:00,2.4
2024-08-27 03:30:00,2.484
2024-08-27 03:45:00,1.98
2024-08-27 04:00:00,2.056
2024-08-27 04:15:00,1.876
2024-08-27 04:30:00,2.58
2024-08-27 04:45:00,2.1
2024-08-27 05:00:00,1.992
2024-08-27 05:15:00,2.108
2024-08-27 05:30:00,2.052
2024-08-27 05:45:00,1.98
2024-08-27 06:00:00,2.036
2024-08-27 06:15:00,2.408
2024-08-27 06:30:00,3.324
2024-08-27 06:45:00,2.988
2024-08-27 07:00:00,2.864
2024-08-27 07:15:00,2.42
2024-08-27 07:30:00,2.912
2024-08-27 07:45:00,1.964
2024-08-27 08:00:00,1.684
2024-08-27 08:15:00,1.6560000000000001
2024-08-27 08:30:00,1.7759999999999998
2024-08-27 08:45:00,1.584
2024-08-27 09:00:00,1.576
2024-08-27 09:15:00,1.528
2024-08-27 09:30:00,1.712
2024-08-27 09:45:00,1.6320000000000001
2024-08-27 10:00:00,2.288
2024-08-27 10:15:00,2.156
2024-08-27 10:30:00,2.7079999999999997
2024-08-27 10:45:00,2.116
2024-08-27 11:00:00,2.6879999999999997
2024-08-27 11:15:00,2.42
2024-08-27 11:30:00,3.604
2024-08-27 11:45:00,2.44
2024-08-27 12:00:00,2.964
2024-08-27 12:15:00,2.7720000000000002
2024-08-27 12:30:00,5.164
2024-08-27 12:45:00,4.64
2024-08-27 13:00:00,4.196
2024-08-27 13:15:00,3.956
2024-08-27 13:30:00,3.928
2024-08-27 13:45:00,5.34
2024-08-27 14:00:00,5.86
2024-08-27 14:15:00,7.279999999999999
2024-08-27 14:30:00,7.5200000000000005
2024-08-27 14:45:00,5.928
2024-08-27 15:00:00,6.648
2024-08-27 15:15:00,7.836
2024-08-27 15:30:00,9.744
2024-08-27 15:45:00,9.592
2024-08-27 16:00:00,10.776
2024-08-27 16:15:00,12.28
2024-08-27 16:30:00,11.012
2024-08-27 16:45:00,11.692
2024-08-27 17:00:00,11.735999999999999
2024-08-27 17:15:00,10.88
2024-08-27 17:30:00,9.196
2024-08-27 17:45:00,13.655999999999999
2024-08-27 18:00:00,10.132
2024-08-27 18:15:00,8.879999999999999
2024-08-27 18:30:00,8.184
2024-08-27 18:45:00,6.82
2024-08-27 19:00:00,5.836
2024-08-27 19:15:00,8.576
2024-08-27 19:30:00,5.0
2024-08-27 19:45:00,4.548
2024-08-27 20:00:00,8.620000000000001
2024-08-27 20:15:00,8.812
2024-08-27 20:30:00,6.708
2024-08-27 20:45:00,5.612
2024-08-27 21:00:00,4.896
2024-08-27 21:15:00,7.1000000000000005
2024-08-27 21:30:00,7.492
2024-08-27 21:45:00,7.412
2024-08-27 22:00:00,5.688
2024-08-27 22:15:00,6.68
2024-08-27 22:30:00,5.016
2024-08-27 22:45:00,4.22
2024-08-27 23:00:00,5.832
2024-08-27 23:15:00,6.348
2024-08-27 23:30:00,3.852
2024-08-27 23:45:00,5.532
2024-08-28 00:00:00,4.844
2024-08-28 00:15:00,3.6319999999999997
2024-08-28 00:30:00,4.096
2024-08-28 00:45:00,2.7720000000000002
2024-08-28 01:00:00,2.876
2024-08-28 01:15:00,2.824
2024-08-28 01:30:00,3.968
2024-08-28 01:45:00,4.536
2024-08-28 02:00:00,4.108
2024-08-28 02:15:00,2.2439999999999998
2024-08-28 02:30:00,2.3
2024-08-28 02:45:00,2.7
2024-08-28 03:00:00,2.208
2024-08-28 03:15:00,2.38
2024-08-28 03:30:00,2.616
2024-08-28 03:45:00,2.064
2024-08-28 04:00:00,2.7399999999999998
2024-08-28 04:15:00,2.5
2024-08-28 04:30:00,1.988
2024-08-28 04:45:00,2.324
2024-08-28 05:00:00,1.9040000000000001
2024-08-28 05:15:00,2.8040000000000003
2024-08-28 05:30:00,2.24
2024-08-28 05:45:00,2.348
2024-08-28 06:00:00,2.156
2024-08-28 06:15:00,2.332
2024-08-28 06:30:00,2.476
2024-08-28 06:45:00,2.12
2024-08-28 07:00:00,2.064
2024-08-28 07:15:00,1.888
2024-08-28 07:30:00,2.1719999999999997
2024-08-28 07:45:00,2.292
2024-08-28 08:00:00,2.232
2024-08-28 08:15:00,2.2439999999999998
2024-08-28 08:30:00,1.936
2024-08-28 08:45:00,1.916
2024-08-28 09:00:00,2.576
2024-08-28 09:15:00,2.048
2024-08-28 09:30:00,2.028
2024-08-28 09:45:00,2.508
2024-08-28 10:00:00,4.092
2024-08-28 10:15:00,6.64
2024-08-28 10:30:00,5.804
2024-08-28 10:45:00,7.18
2024-08-28 11:00:00,7.756
2024-08-28 11:15:00,8.668
2024-08-28 11:30:00,10.492
2024-08-28 11:45:00,9.892
2024-08-28 12:00:00,10.3
2024-08-28 12:15:00,8.184
2024-08-28 12:30:00,11.496
2024-08-28 12:45:00,11.092
2024-08-28 13:00:00,10.064
2024-08-28 13:15:00,9.712
2024-08-28 13:30:00,5.668
2024-08-28 13:45:00,8.687999999999999
2024-08-28 14:00:00,9.44
2024-08-28 14:15:00,8.879999999999999
2024-08-28 14:30:00,8.804
2024-08-28 14:45:00,9.54
2024-08-28 15:00:00,6.428
2024-08-28 15:15:00,11.392
2024-08-28 15:30:00,13.712
2024-08-28 15:45:00,14.264
2024-08-28 16:00:00,11.475999999999999
2024-08-28 16:15:00,10.604
2024-08-28 16:30:00,11.64
2024-08-28 16:45:00,8.176
2024-08-28 17:00:00,9.288
2024-08-28 17:15:00,9.844
2024-08-28 17:30:00,10.352
2024-08-28 17:45:00,10.464
2024-08-28 18:00:00,9.572
2024-08-28 18:15:00,7.300000000000001
2024-08-28 18:30:00,8.776
2024-08-28 18:45:00,7.4
2024-08-28 19:00:00,10.16
2024-08-28 19:15:00,9.068
2024-08-28 19:30:00,11.895999999999999
2024-08-28 19:45:00,9.068
2024-08-28 20:00:00,8.884
2024-08-28 20:15:00,7.904
2024-08-28 20:30:00,9.388
2024-08-28 20:45:00,8.636
2024-08-28 21:00:00,12.352
2024-08-28 21:15:00,11.664000000000001
2024-08-28 21:30:00,11.328
2024-08-28 21:45:00,13.128
2024-08-28 22:00:00,9.088000000000001
2024-08-28 22:15:00,11.676
2024-08-28 22:30:00,9.236
2024-08-28 22:45:00,10.624
2024-08-28 23:00:00,6.396
2024-08-28 23:15:00,7.972
2024-08-28 23:30:00,10.604
2024-08-28 23:45:00,11.655999999999999
2024-08-29 00:00:00,8.544
2024-08-29 00:15:00,7.276
2024-08-29 00:30:00,6.1000000000000005
2024-08-29 00:45:00,6.272
2024-08-29 01:00:00,5.151999999999999
2024-08-29 01:15:00,5.52
2024-08-29 01:30:00,7.248
2024-08-29 01:45:00,6.868
2024-08-29 02:00:00,7.136
2024-08-29 02:15:00,7.1240000000000006
2024-08-29 02:30:00,7.196
2024-08-29 02:45:00,6.92
2024-08-29 03:00:00,6.216
2024-08-29 03:15:00,4.896000000000001
2024-08-29 03:30:00,4.92
2024-08-29 03:45:00,4.668
2024-08-29 04:00:00,5.924
2024-08-29 04:15:00,5.252000000000001
2024-08-29 04:30:00,5.1240000000000006
2024-08-29 04:45:00,4.5440000000000005
2024-08-29 05:00:00,5.128
2024-08-29 05:15:00,5.0040000000000004
2024-08-29 05:30:00,4.964
2024-08-29 05:45:00,4.556
2024-08-29 06:00:00,4.6240000000000006
2024-08-29 06:15:00,4.58
2024-08-29 06:30:00,4.832
2024-08-29 06:45:00,5.052
2024-08-29 07:00:00,4.4
2024-08-29 07:15:00,4.5600000000000005
2024-08-29 07:30:00,4.396
2024-08-29 07:45:00,4.764
2024-08-29 08:00:00,4.716
2024-08-29 08:15:00,4.652
2024-08-29 08:30:00,4.536
2024-08-29 08:45:00,4.448
2024-08-29 09:00:00,4.132
2024-08-29 09:15:00,6.92
2024-08-29 09:30:00,6.232
2024-08-29 09:45:00,5.312
2024-08-29 10:00:00,2.94
2024-08-29 10:15:00,4.112
2024-08-29 10:30:00,3.052
2024-08-29 10:45:00,2.48
2024-08-29 11:00:00,4.152
2024-08-29 11:15:00,2.944
2024-08-29 11:30:00,4.008
2024-08-29 11:45:00,2.736
2024-08-29 12:00:00,4.5
2024-08-29 12:15:00,4.5280000000000005
2024-08-29 12:30:00,4.58
2024-08-29 12:45:00,6.0120000000000005
2024-08-29 13:00:00,5.164
2024-08-29 13:15:00,5.4
2024-08-29 13:30:00,3.472
2024-08-29 13:45:00,4.42
2024-08-29 14:00:00,6.096
2024-08-29 14:15:00,7.008
2024-08-29 14:30:00,5.068
2024-08-29 14:45:00,3.1559999999999997
2024-08-29 15:00:00,7.984
2024-08-29 15:15:00,7.156
2024-08-29 15:30:00,10.944
2024-08-29 15:45:00,7.135999999999999
2024-08-29 16:00:00,7.324
2024-08-29 16:15:00,7.728
2024-08-29 16:30:00,10.108
2024-08-29 16:45:00,8.392
2024-08-29 17:00:00,9.924
2024-08-29 17:15:00,9.52
2024-08-29 17:30:00,9.528
2024-08-29 17:45:00,8.068
2024-08-29 18:00:00,12.336
2024-08-29 18:15:00,8.06
2024-08-29 18:30:00,11.276
2024-08-29 18:45:00,9.468
2024-08-29 19:00:00,7.872
2024-08-29 19:15:00,6.54
2024-08-29 19:30:00,8.144
2024-08-29 19:45:00,12.316
2024-08-29 20:00:00,7.944
2024-08-29 20:15:00,8.672
2024-08-29 20:30:00,6.42
2024-08-29 20:45:00,7.640000000000001
2024-08-29 21:00:00,6.136
2024-08-29 21:15:00,6.596
2024-08-29 21:30:00,8.056000000000001
2024-08-29 21:45:00,8.724
2024-08-29 22:00:00,6.096
2024-08-29 22:15:00,7.38
2024-08-29 22:30:00,5.408
2024-08-29 22:45:00,5.764
2024-08-29 23:00:00,6.232
2024-08-29 23:15:00,6.364
2024-08-29 23:30:00,5.212
2024-08-29 23:45:00,3.692
2024-08-30 00:00:00,5.0
2024-08-30 00:15:00,3.9120000000000004
2024-08-30 00:30:00,3.168
2024-08-30 00:45:00,3.64
2024-08-30 01:00:00,3.784
2024-08-30 01:15:00,3.164
2024-08-30 01:30:00,3.132
2024-08-30 01:45:00,3.008
2024-08-30 02:00:00,3.508
2024-08-30 02:15:00,2.876
2024-08-30 02:30:00,3.032
2024-08-30 02:45:00,3.088
2024-08-30 03:00:00,2.288
2024-08-30 03:15:00,3.32
2024-08-30 03:30:00,2.34
2024-08-30 03:45:00,3.06
2024-08-30 04:00:00,2.176
2024-08-30 04:15:00,2.64
2024-08-30 04:30:00,2.36
2024-08-30 04:45:00,2.436
2024-08-30 05:00:00,2.956
2024-08-30 05:15:00,2.048
2024-08-30 05:30:00,2.3
2024-08-30 05:45:00,2.072
2024-08-30 06:00:00,2.172
2024-08-30 06:15:00,2.332
2024-08-30 06:30:00,2.132
2024-08-30 06:45:00,1.984
2024-08-30 07:00:00,2.088
2024-08-30 07:15:00,2.148
2024-08-30 07:30:00,2.308
2024-08-30 07:45:00,2.02
2024-08-30 08:00:00,1.528
2024-08-30 08:15:00,1.988
2024-08-30 08:30:00,1.716
2024-08-30 08:45:00,2.2279999999999998
2024-08-30 09:00:00,2.32
2024-08-30 09:15:00,2.14
2024-08-30 09:30:00,3.408
2024-08-30 09:45:00,2.812
2024-08-30 10:00:00,2.8200000000000003
2024-08-30 10:15:00,4.524
2024-08-30 10:30:00,2.74
2024-08-30 10:45:00,3.856
2024-08-30 11:00:00,3.056
2024-08-30 11:15:00,3.872
2024-08-30 11:30:00,2.272
2024-08-30 11:45:00,4.768000000000001
2024-08-30 12:00:00,4.44
2024-08-30 12:15:00,3.452
2024-08-30 12:30:00,5.004
2024-08-30 12:45:00,4.768
2024-08-30 13:00:00,4.184
2024-08-30 13:15:00,8.812
2024-08-30 13:30:00,10.352
2024-08-30 13:45:00,9.624
2024-08-30 14:00:00,10.692
2024-08-30 14:15:00,9.564
2024-08-30 14:30:00,12.52
2024-08-30 14:45:00,11.908
2024-08-30 15:00:00,10.784
2024-08-30 15:15:00,8.608
2024-08-30 15:30:00,7.5920000000000005
2024-08-30 15:45:00,8.304
2024-08-30 16:00:00,10.76
2024-08-30 16:15:00,9.168
2024-08-30 16:30:00,10.68
2024-08-30 16:45:00,9.936
2024-08-30 17:00:00,10.652000000000001
2024-08-30 17:15:00,10.584
2024-08-30 17:30:00,7.808
2024-08-30 17:45:00,9.048
2024-08-30 18:00:00,7.848
2024-08-30 18:15:00,10.736
2024-08-30 18:30:00,9.120000000000001
2024-08-30 18:45:00,10.188
2024-08-30 19:00:00,9.168
2024-08-30 19:15:00,7.416
2024-08-30 19:30:00,8.288
2024-08-30 19:45:00,9.508
2024-08-30 20:00:00,8.276
2024-08-30 20:15:00,7.908
2024-08-30 20:30:00,6.348
2024-08-30 20:45:00,6.464
2024-08-30 21:00:00,4.328
2024-08-30 21:15:00,5.756
2024-08-30 21:30:00,5.74
2024-08-30 21:45:00,8.092
2024-08-30 22:00:00,5.796
2024-08-30 22:15:00,3.812
2024-08-30 22:30:00,5.184
2024-08-30 22:45:00,4.744
2024-08-30 23:00:00,4.088
2024-08-30 23:15:00,3.976
2024-08-30 23:30:00,5.936
2024-08-30 23:45:00,4.24
2024-08-31 00:00:00,3.96
